team...1,season,name,team...4,position,situation,games_played,xGoalsPercentage,corsiPercentage,fenwickPercentage,iceTime,xOnGoalFor,xGoalsFor,xReboundsFor,xFreezeFor,xPlayStoppedFor,xPlayContinuedInZoneFor,xPlayContinuedOutsideZoneFor,flurryAdjustedxGoalsFor,scoreVenueAdjustedxGoalsFor,flurryScoreVenueAdjustedxGoalsFor,shotsOnGoalFor,missedShotsFor,blockedShotAttemptsFor,shotAttemptsFor,goalsFor,reboundsFor,reboundGoalsFor,freezeFor,playStoppedFor,playContinuedInZoneFor,playContinuedOutsideZoneFor,savedShotsOnGoalFor,savedUnblockedShotAttemptsFor,penaltiesFor,penaltyMinutesFor,faceOffsWonFor,hitsFor,takeawaysFor,giveawaysFor,lowDangerShotsFor,mediumDangerShotsFor,highDangerShotsFor,lowDangerxGoalsFor,mediumDangerxGoalsFor,highDangerxGoalsFor,lowDangerGoalsFor,mediumDangerGoalsFor,highDangerGoalsFor,scoreAdjustedShotsAttemptsFor,unblockedShotAttemptsFor,scoreAdjustedUnblockedShotAttemptsFor,dZoneGiveawaysFor,xGoalsFromxReboundsOfShotsFor,xGoalsFromActualReboundsOfShotsFor,reboundxGoalsFor,totalShotCreditFor,scoreAdjustedTotalShotCreditFor,scoreFlurryAdjustedTotalShotCreditFor,xOnGoalAgainst,xGoalsAgainst,xReboundsAgainst,xFreezeAgainst,xPlayStoppedAgainst,xPlayContinuedInZoneAgainst,xPlayContinuedOutsideZoneAgainst,flurryAdjustedxGoalsAgainst,scoreVenueAdjustedxGoalsAgainst,flurryScoreVenueAdjustedxGoalsAgainst,shotsOnGoalAgainst,missedShotsAgainst,blockedShotAttemptsAgainst,shotAttemptsAgainst,goalsAgainst,reboundsAgainst,reboundGoalsAgainst,freezeAgainst,playStoppedAgainst,playContinuedInZoneAgainst,playContinuedOutsideZoneAgainst,savedShotsOnGoalAgainst,savedUnblockedShotAttemptsAgainst,penaltiesAgainst,penaltyMinutesAgainst,faceOffsWonAgainst,hitsAgainst,takeawaysAgainst,giveawaysAgainst,lowDangerShotsAgainst,mediumDangerShotsAgainst,highDangerShotsAgainst,lowDangerxGoalsAgainst,mediumDangerxGoalsAgainst,highDangerxGoalsAgainst,lowDangerGoalsAgainst,mediumDangerGoalsAgainst,highDangerGoalsAgainst,scoreAdjustedShotsAttemptsAgainst,unblockedShotAttemptsAgainst,scoreAdjustedUnblockedShotAttemptsAgainst,dZoneGiveawaysAgainst,xGoalsFromxReboundsOfShotsAgainst,xGoalsFromActualReboundsOfShotsAgainst,reboundxGoalsAgainst,totalShotCreditAgainst,scoreAdjustedTotalShotCreditAgainst,scoreFlurryAdjustedTotalShotCreditAgainst
WPG,2014,WPG,WPG,Team Level,other,82,0.5,0.52,0.5,13470,169.08,29.26,11.13,33.58,5.7,87.98,65.35,27.96,29.26,27.96,173,60,101,334,24,12,2,30,3,89,75,149,209,10,23,164,60,41,47,142,48,43,4.83,5.95,18.49,5,5,14,334,233,233,32,3.17,3.25,3.34,29.09,29.09,28.01,172.28,29.2,12.4,32.46,5.64,94.2,62.09,27.24,29.2,27.24,174,62,77,313,29,11,3,31,9,77,79,145,207,22,49,181,56,28,32,135,69,32,4.59,8.58,16.03,6,4,19,313,236,236,23,3.59,2.74,2.23,30.56,30.56,28.68
WPG,2014,WPG,WPG,Team Level,all,82,0.51,0.52,0.51,300586,2458.45,231.19,163.99,570.54,79.68,1351.03,1004.57,222.44,232.86,224.07,2439,962,1288,4689,223,177,43,534,81,1154,1232,2216,3178,406,920,2476,2409,536,772,2560,607,234,74,75.12,82.06,65,76,82,4746.91,3401,3439.91,585,36.44,39.02,41.06,226.57,228.09,222.85,2344.18,224.72,158.28,540.58,76.22,1287.99,952.2,216.38,223.88,215.54,2350,890,1120,4360,204,158,27,600,78,1009,1191,2146,3036,362,836,2589,1931,484,855,2419,612,209,70.97,76.18,77.57,63,62,79,4308.17,3240,3206.55,635,35.74,34.7,36.33,224.12,223.14,216.99
WPG,2014,WPG,WPG,Team Level,5on5,82,0.52,0.53,0.52,232109,1862.64,148.79,117.83,453.3,60.03,1026.28,767.75,144,150.47,145.63,1837,737,959,3533,145,133,34,428,66,851,951,1692,2429,355,809,1803,2198,423,610,2005,441,128,58.27,54.59,35.93,49,55,41,3590.91,2574,2612.91,484,24.29,27.53,28.79,144.3,145.8,143.61,1722.04,135.62,108.63,418.12,55.43,942.68,716.51,132.45,134.79,131.61,1709,668,815,3192,123,97,14,464,54,724,915,1586,2254,311,721,1872,1746,375,674,1860,409,108,55.38,50.72,29.53,48,47,28,3140.17,2377,2343.55,527,22.42,21.18,21.72,136.33,135.35,133.69
WPG,2014,WPG,WPG,Team Level,4on5,82,0.12,0.14,0.16,29590,76.84,7.42,3.59,10.67,2.19,22.83,57.3,7.4,7.42,7.4,80,24,18,122,9,2,0,10,3,14,66,71,95,25,53,260,108,49,65,71,27,6,2.25,3.61,1.55,2,4,3,122,104,104,61,0.83,0.25,0.25,8,8,7.98,390.4,54.65,34.71,82.25,13.4,234.46,123.54,51.5,54.65,51.5,402,141,213,756,50,46,10,91,14,194,148,352,493,16,37,316,51,21,82,363,116,64,9.55,14.56,30.54,8,11,31,756,543,543,20,9.14,10.01,11.62,52.16,52.16,49.56
WPG,2014,WPG,WPG,Team Level,5on4,82,0.9,0.88,0.85,25417,349.88,45.71,31.43,73,11.75,213.94,114.16,43.09,45.71,43.09,349,141,210,700,45,30,7,66,9,200,140,304,445,16,35,249,43,23,50,342,91,57,8.65,10.96,26.1,9,12,24,700,490,490,8,8.16,8,8.69,45.18,45.18,43.24,59.47,5.25,2.56,7.73,1.75,16.65,50.06,5.18,5.25,5.18,65,19,15,99,2,4,0,14,1,14,49,63,82,13,29,220,78,60,67,61,18,5,1.45,2.32,1.48,1,0,1,99,84,84,65,0.6,0.77,0.77,5.08,5.08,5.06
BOS,2014,BOS,BOS,Team Level,other,82,0.56,0.55,0.53,9851,159.05,24.33,10.1,30.88,5.17,79.12,68.4,23.41,24.33,23.41,162,56,71,289,26,6,2,37,6,66,77,136,192,8,19,151,46,29,22,133,54,31,4.51,6.93,12.89,4,9,13,289,218,218,5,2.73,2.25,2.25,24.81,24.81,24.05,137.27,19.02,9.36,27.08,4.56,77.81,55.16,18.12,19.02,18.12,133,60,46,239,17,7,2,30,7,59,73,116,176,7,14,117,49,27,31,138,27,28,4.47,3.1,11.45,5,1,11,239,193,193,13,2.63,2.03,2.62,19.04,19.04,18.49
BOS,2014,BOS,BOS,Team Level,all,82,0.51,0.52,0.51,301519,2533.39,211.89,166.28,588.72,84.11,1413.99,1085.03,204.72,212.34,205.17,2546,1004,1267,4817,209,130,33,667,106,1119,1319,2337,3341,300,688,2686,2112,487,604,2736,630,184,72.96,75.94,62.99,73,65,71,4829.72,3550,3562.03,268,36.42,31.99,35.49,212.82,213.34,208.95,2432.13,203.93,157.98,568.15,79.15,1341.86,1021.93,197.03,203.93,197.02,2449,924,1047,4420,201,141,32,636,84,1067,1244,2248,3172,269,629,2323,2296,574,785,2610,581,182,71.87,69.45,62.62,62,76,63,4406.74,3373,3366.65,385,34.59,31.54,33.9,204.62,204.47,200.53
BOS,2014,BOS,BOS,Team Level,5on5,82,0.51,0.52,0.51,247469,1957.26,147.5,123.07,473.37,65.18,1090.78,840.11,143.67,147.95,144.13,1977,763,1003,3743,140,95,24,530,81,853,1041,1837,2600,267,619,2046,1936,399,507,2142,492,106,58.44,58.91,30.14,55,49,36,3755.72,2740,2752.03,235,25.28,22.3,24.56,148.23,148.75,146.56,1926.39,140.85,118.38,468.91,62.64,1052.24,821.98,137.34,140.85,137.34,1944,721,831,3496,138,107,25,527,65,819,1009,1806,2527,244,579,1806,2137,489,647,2124,438,103,58.8,52.25,29.8,50,60,28,3482.74,2665,2658.64,335,24.28,21.76,23.53,141.6,141.44,139.36
BOS,2014,BOS,BOS,Team Level,4on5,82,0.12,0.15,0.18,23083,64.75,5.64,2.6,8.37,1.82,18.49,60.08,5.63,5.64,5.63,76,21,8,105,7,2,0,15,4,14,55,69,90,12,24,237,89,49,24,78,11,8,1.69,1.35,2.6,3,0,4,105,97,97,22,0.63,0.14,0.14,6.12,6.12,6.11,326.96,40.2,28.4,66.88,10.69,200.64,108.18,37.73,40.2,37.73,322,133,159,614,43,26,4,73,10,178,125,279,412,11,22,214,39,20,74,305,105,45,7.78,12.76,19.65,7,14,22,614,455,455,7,7.25,7.37,7.37,40.09,40.09,38.78
BOS,2014,BOS,BOS,Team Level,5on4,82,0.9,0.91,0.89,21116,352.34,34.42,30.52,76.09,11.94,225.59,116.44,32.01,34.42,32.01,331,164,185,680,36,27,7,85,15,186,146,295,459,13,26,252,41,10,51,383,73,39,8.31,8.75,17.36,11,7,18,680,495,495,6,7.77,7.3,8.54,33.65,33.65,32.23,41.5,3.85,1.84,5.27,1.25,11.17,36.61,3.84,3.85,3.84,50,10,11,71,3,1,1,6,2,11,37,47,57,7,14,186,71,38,33,43,11,6,0.81,1.33,1.71,0,1,2,71,60,60,30,0.43,0.38,0.38,3.9,3.9,3.9
BUF,2014,BUF,BUF,Team Level,other,82,0.34,0.42,0.42,9595,120.48,15.05,8.69,24.99,4.3,67.44,45.54,14.41,15.05,14.41,130,36,51,217,9,6,3,32,5,68,46,121,157,10,21,124,42,18,16,120,30,16,4.14,3.76,7.14,2,1,6,217,166,166,9,2.44,1.34,2.7,14.79,14.79,14.39,162.58,29.04,10.61,30.88,5.27,87.53,65.66,28.01,29.04,28.01,163,66,72,301,25,10,3,33,4,72,85,138,204,6,15,133,35,15,20,134,57,38,4.65,7.05,17.34,2,7,16,301,229,229,14,2.97,3.73,3.73,28.28,28.28,27.46
BUF,2014,BUF,BUF,Team Level,all,82,0.4,0.38,0.39,299399,1911.38,172.09,132.69,427.44,61.63,1054.46,791.7,165.69,171.03,164.64,1984,656,806,3446,153,127,28,453,71,783,1053,1831,2487,318,739,2195,2204,379,514,1931,553,156,52.18,66.81,53.09,38,61,54,3388.63,2640,2607.22,330,29.43,28.34,30.1,171.41,170.16,166.89,2913.54,261.35,200.06,655.77,94.41,1664.31,1220.11,251.16,264.24,254.01,2921,1175,1533,5629,269,160,41,683,119,1315,1550,2652,3827,291,691,2689,1610,399,512,3076,800,220,90.69,94.05,76.61,92,96,81,5739.26,4096,4162.85,249,43.65,38.37,40.23,264.77,267.66,260.57
BUF,2014,BUF,BUF,Team Level,5on5,82,0.4,0.38,0.39,243354,1484.82,118.95,96.94,342.6,47.37,811.2,632.95,115.71,117.89,114.67,1536,514,644,2694,110,92,21,357,57,589,845,1426,1940,276,651,1696,2043,321,431,1522,435,93,41.45,52.18,25.32,33,49,28,2636.63,2050,2017.21,282,20.05,20.72,21.08,117.92,116.66,115.23,2306.1,178.48,152.8,538.25,74.55,1315.99,976.94,173.34,181.38,176.19,2308,929,1250,4487,178,118,30,563,92,1036,1250,2130,3059,259,621,2064,1486,327,402,2509,606,122,75.05,70.75,32.68,73,70,35,4597.26,3237,3303.85,192,31.39,25.1,27.15,182.73,185.61,182.77
BUF,2014,BUF,BUF,Team Level,4on5,82,0.07,0.07,0.08,24572,35.73,3.56,1.77,4.47,0.97,10.24,26.99,3.5,3.56,3.5,40,8,8,56,6,1,0,4,1,8,28,34,42,14,31,185,90,30,27,34,7,7,0.85,0.8,1.92,0,3,3,56,48,48,26,0.41,0.26,0.26,3.7,3.7,3.69,380.68,47.49,33.61,78.41,12.77,242.39,128.33,43.51,47.49,43.51,381,162,190,733,58,30,7,78,20,189,168,323,485,19,41,285,21,14,51,377,115,51,9.63,13.58,24.28,14,17,27,733,543,543,9,8.59,8.95,8.76,47.32,47.32,43.9
BUF,2014,BUF,BUF,Team Level,5on4,82,0.84,0.82,0.81,21878,270.36,34.53,25.28,55.38,9,165.59,86.23,32.06,34.53,32.06,278,98,103,479,28,28,4,60,8,118,134,250,348,18,36,190,29,10,40,255,81,40,5.75,10.07,18.72,3,8,17,479,376,376,13,6.53,6.01,6.05,35.01,35.01,33.57,64.18,6.34,3.04,8.23,1.83,18.38,49.19,6.29,6.34,6.29,69,18,21,108,8,2,1,9,3,18,47,61,79,7,14,207,68,43,39,56,22,9,1.37,2.66,2.3,3,2,3,108,87,87,34,0.7,0.59,0.59,6.45,6.45,6.44
FLA,2014,FLA,FLA,Team Level,other,82,0.46,0.47,0.46,12798,138.75,21.88,8.92,26.63,4.58,72.1,56.9,21.07,21.88,21.07,139,52,69,260,16,9,2,28,5,61,72,123,175,11,24,164,69,27,26,122,42,27,4.03,5.08,12.77,1,5,10,260,191,191,10,2.39,3.13,3.38,20.89,20.89,20.49,157.93,25.21,11,30.28,5.42,88.14,61.96,24.07,25.21,24.07,171,51,75,297,23,8,4,39,3,71,78,148,199,6,12,183,69,37,21,135,60,27,4.8,7.75,12.66,6,3,14,297,222,222,9,3.15,1.78,2.17,26.19,26.19,25.31
FLA,2014,FLA,FLA,Team Level,all,82,0.51,0.51,0.5,301369,2455.16,214.48,161.63,555.08,79.09,1359.2,1027.52,205.46,214.5,205.54,2517,880,1058,4455,198,165,38,636,88,1015,1296,2319,3199,316,685,2505,2268,487,472,2578,629,190,72.48,75.43,66.57,70,72,56,4445.04,3397,3393.41,246,35.31,38.17,40.29,209.5,209.67,204.88,2363.57,207.7,160.22,541.52,79.49,1337.72,1004.42,200.7,208.93,201.88,2424,908,1001,4333,213,159,35,607,101,1038,1214,2211,3119,313,679,2650,2268,447,548,2539,607,186,70.58,72.85,64.27,79,68,66,4353.36,3332,3348.09,318,35.38,35.42,37.26,205.76,206.69,202.8
FLA,2014,FLA,FLA,Team Level,5on5,82,0.52,0.51,0.51,242845,1943.69,146.52,122.91,456.78,62.63,1072.47,828.67,142.02,146.54,142.09,1989,701,847,3537,145,124,29,525,74,791,1032,1844,2545,265,572,1878,2089,407,384,2111,471,108,59.67,56.55,30.3,60,58,27,3527.04,2690,2686.41,216,25.29,25.47,26.82,144.99,145.15,143.33,1835.64,137.42,117.72,437.82,61.53,1035.27,797.31,133.77,138.65,134.95,1860,728,778,3366,143,113,20,477,78,807,970,1717,2445,274,592,2026,2059,361,453,2046,436,106,56.61,51.44,29.36,68,48,27,3386.36,2588,2604.09,285,24.18,23.71,25.1,136.43,137.36,135.42
FLA,2014,FLA,FLA,Team Level,4on5,82,0.09,0.1,0.11,22434,40.23,3.91,1.73,4.77,1.11,10.84,31.66,3.8,3.91,3.8,43,11,12,66,0,2,0,4,1,9,38,43,54,18,36,218,70,37,18,40,7,7,0.97,0.94,2.01,0,0,0,66,54,54,15,0.41,0.54,0.54,3.77,3.77,3.77,319.36,39.15,28.9,66.65,10.99,199.55,107.76,37.19,39.15,37.19,339,114,136,589,41,34,10,77,18,154,129,298,412,23,49,233,38,11,51,317,92,44,8.14,11.23,19.78,5,14,22,589,453,453,4,7.44,9.04,9.09,37.5,37.5,36.45
FLA,2014,FLA,FLA,Team Level,5on4,82,0.88,0.88,0.87,23292,332.48,42.17,28.07,66.89,10.77,203.8,110.29,38.57,42.17,38.57,346,116,130,592,37,30,7,79,8,154,154,309,425,22,53,245,40,16,44,305,109,48,7.83,12.86,21.49,9,9,19,592,462,462,5,7.24,9.03,9.56,39.85,39.85,37.27,50.65,5.92,2.61,6.77,1.54,14.76,37.39,5.69,5.92,5.69,54,15,12,81,6,4,1,14,2,6,37,48,63,10,26,208,102,38,23,41,19,9,1.03,2.43,2.46,0,3,3,81,69,69,20,0.61,0.89,0.89,5.64,5.64,5.63
NSH,2014,NSH,NSH,Team Level,other,82,0.42,0.51,0.53,10630,168.34,20.62,11.69,34.71,5.37,94.08,67.53,19.56,20.62,19.56,160,74,62,296,19,10,2,35,3,98,69,141,215,9,16,146,34,27,26,155,60,19,5.06,6.88,8.68,5,6,8,296,234,234,14,3.23,2.31,2.31,21.54,21.54,20.67,146.94,28.41,9.64,27.35,4.8,78.13,57.67,27.2,28.41,27.2,148,58,84,290,29,11,6,30,6,58,72,119,177,13,26,153,35,22,16,125,39,42,4.16,4.66,19.6,5,4,20,290,206,206,10,2.62,4.03,4.37,26.66,26.66,26.27
NSH,2014,NSH,NSH,Team Level,all,82,0.53,0.53,0.53,300607,2607.24,213.45,176.34,604.83,82.98,1477,1076.46,205.93,214.4,206.86,2614,1018,1250,4882,226,159,34,654,94,1213,1286,2388,3406,284,623,2562,1691,529,660,2860,588,184,79.57,70.39,63.5,77,76,73,4902.03,3632,3643.27,374,38.72,35.43,36.52,215.58,216.36,211.71,2298.09,193.1,153.06,529.72,74.09,1289.25,965.79,187.07,192.95,186.95,2318,887,1180,4385,202,145,33,636,83,1011,1128,2116,3003,303,662,2677,1685,609,670,2530,501,174,68.45,60.18,64.47,72,58,72,4375.78,3205,3203.69,401,33.42,31.92,33.04,193.48,193.53,190.17
NSH,2014,NSH,NSH,Team Level,5on5,82,0.55,0.53,0.53,241719,2042.41,150.72,131.96,488.74,65.05,1148.27,856.28,146.43,151.66,147.35,2055,786,1017,3858,166,115,25,530,76,921,1033,1889,2675,253,557,1991,1577,436,506,2272,455,114,63.82,54.99,31.91,64,65,37,3878.03,2841,2852.27,316,27.11,24.02,25.54,152.28,153.05,150.47,1810.61,123.4,113.67,434.11,57.8,1015.02,777.99,120.73,123.25,120.59,1819,703,926,3448,127,98,19,527,68,805,897,1692,2395,266,582,2070,1560,521,554,2068,367,87,55.74,43.87,23.8,57,44,26,3438.78,2522,2520.69,346,23.24,19.41,19.69,126.96,127.01,125.68
NSH,2014,NSH,NSH,Team Level,4on5,82,0.1,0.11,0.13,22448,45.45,4.43,2.03,5.96,1.41,12.86,34.32,4.36,4.43,4.36,47,14,11,72,3,3,0,7,1,10,37,44,58,9,18,196,55,49,38,38,18,5,0.87,2.12,1.45,0,2,1,72,61,61,35,0.47,0.55,0.55,4.35,4.35,4.34,300.48,38.44,28.06,62.86,10.11,183.91,95.61,36.33,38.44,36.33,304,115,150,569,42,35,8,71,7,144,120,262,377,17,34,203,22,12,64,292,83,44,7.41,10.18,20.85,9,8,25,569,419,419,10,7.16,8.34,8.84,36.76,36.76,35.15
NSH,2014,NSH,NSH,Team Level,5on4,82,0.93,0.89,0.9,25810,351.05,37.69,30.67,75.43,11.16,221.8,118.32,35.59,37.69,35.59,352,144,160,656,38,31,7,82,14,184,147,314,458,13,32,229,25,17,90,395,55,46,9.82,6.4,21.47,8,3,27,656,496,496,9,7.93,8.55,8.13,37.42,37.42,36.23,40.06,2.84,1.69,5.4,1.38,12.18,34.51,2.82,2.84,2.82,47,11,20,78,4,1,0,8,2,4,39,43,54,7,20,251,68,54,36,45,12,1,1.14,1.48,0.22,1,2,1,78,58,58,35,0.39,0.14,0.14,3.09,3.09,3.08
S.J,2014,S.J,S.J,Team Level,other,82,0.54,0.52,0.53,12939,153.58,32.61,10.08,28.48,5,81.29,55.54,29.12,32.61,29.12,155,58,69,282,30,6,1,24,8,73,72,125,183,8,16,130,44,25,34,129,36,48,4.38,4.53,23.69,2,6,22,282,213,213,10,2.89,1.19,1.53,33.97,33.97,30.36,138.15,27.71,9.39,25.68,4.5,72.95,51.77,27.01,27.71,27.01,144,48,71,263,23,7,2,32,6,58,66,121,169,8,18,140,52,22,37,112,47,33,4.08,5.79,17.84,2,3,18,263,192,192,15,2.64,1.66,2.07,28.29,28.29,27.68
S.J,2014,S.J,S.J,Team Level,all,82,0.52,0.52,0.52,298895,2653.72,253.73,187.51,606.15,88.56,1479.17,1075.87,241.8,254.59,242.6,2592,1099,1406,5097,224,204,35,641,120,1239,1263,2368,3467,291,668,2698,1930,624,942,2708,728,255,76.91,88.94,87.88,60,76,88,5112.09,3691,3706.99,445,41.81,41.85,44.1,251.45,252.15,243.41,2469.37,236.12,170.02,563.82,80,1352.63,1018.41,225.57,236.81,226.2,2436,985,1292,4713,226,191,48,611,78,1084,1231,2210,3195,322,728,2498,2087,557,894,2561,614,246,74.41,75.32,86.39,60,77,89,4704.94,3421,3412.94,476,37.4,44.36,46.93,226.59,226.78,220.83
S.J,2014,S.J,S.J,Team Level,5on5,82,0.51,0.51,0.51,241386,2028.41,167.45,135.62,483.78,67.61,1133.64,844.89,161.85,168.29,162.65,1967,866,1119,3952,140,143,22,511,89,960,990,1827,2693,267,611,2097,1808,518,768,2137,553,143,61.72,67.71,38.01,54,56,30,3967.09,2833,2848.99,389,28.08,28.82,31.04,164.49,165.19,162.08,1959.92,161.39,129.45,467.37,63.9,1077.08,820.82,155.96,162.07,156.59,1930,790,1035,3755,155,150,37,503,64,857,991,1775,2565,291,658,1957,1925,453,726,2099,476,145,61.47,58.67,41.24,50,60,45,3746.94,2720,2711.93,403,26.75,33.05,34.79,153.35,153.55,151.35
S.J,2014,S.J,S.J,Team Level,4on5,82,0.13,0.14,0.17,20691,62.89,5.77,2.89,8.54,1.8,17.68,49.32,5.65,5.77,5.65,68,18,9,95,4,4,0,13,3,17,45,64,82,6,18,194,53,55,36,63,15,8,1.71,2,2.06,2,0,2,95,86,86,33,0.68,0.91,0.91,5.54,5.54,5.53,303.17,39.98,27.81,61.89,9.6,183.45,95.27,35.78,39.98,35.78,291,127,165,583,44,32,9,68,4,152,118,247,374,14,34,193,31,19,79,289,72,57,7.43,8.49,24.06,8,12,24,583,418,418,12,7.22,9.13,9.54,37.65,37.65,34.63
S.J,2014,S.J,S.J,Team Level,5on4,82,0.87,0.87,0.86,23879,408.83,47.91,38.92,85.35,14.15,246.56,126.12,45.18,47.91,45.18,402,157,209,768,50,51,12,93,20,189,156,352,509,10,23,277,25,26,104,379,124,56,9.09,14.7,24.12,2,14,34,768,559,559,13,10.16,10.94,10.61,47.45,47.45,45.43,68.12,7.05,3.37,8.88,2,19.15,50.55,6.82,7.05,6.82,71,20,21,112,4,2,0,8,4,17,56,67,87,9,18,208,79,63,52,61,19,11,1.43,2.36,3.25,0,2,2,112,91,91,46,0.78,0.53,0.53,7.3,7.3,7.16
CHI,2014,CHI,CHI,Team Level,other,82,0.65,0.63,0.62,9846,165.4,31.23,10.95,30.44,5.81,87.6,62.96,30,31.23,30,166,63,73,302,26,10,5,33,8,69,83,140,203,6,12,130,32,27,14,141,49,39,5,5.89,20.34,4,4,18,302,229,229,7,3.02,4.77,5.76,28.49,28.49,27.62,99.02,16.78,6.13,19.57,3.17,50.85,42.49,16.42,16.78,16.42,106,33,40,179,16,5,1,22,4,41,51,90,123,8,16,124,44,13,18,89,29,21,3.04,3.31,10.44,2,2,12,179,139,139,11,1.63,1.44,1.44,16.97,16.97,16.8
CHI,2014,CHI,CHI,Team Level,all,82,0.53,0.54,0.53,299651,2675.08,240.42,185.58,595.3,87.51,1507.07,1097.12,232.58,241.52,233.65,2777,936,1396,5109,220,141,38,706,100,1143,1403,2557,3493,251,550,2553,1357,593,634,2812,700,201,81.4,83.77,75.26,69,66,85,5133.13,3713,3728.8,421,40.45,37.27,43.19,237.69,238.55,234,2368.08,213.87,165.04,532.85,78.22,1311.3,974.71,206.3,213.91,206.31,2477,799,1040,4316,186,168,40,520,78,1002,1323,2291,3090,303,661,2352,2317,551,567,2438,661,177,72.81,79.64,61.43,47,70,69,4298.29,3276,3268.59,375,36.01,39.36,43.49,206.39,206.42,202.92
CHI,2014,CHI,CHI,Team Level,5on5,82,0.51,0.54,0.53,243332,2099.42,164.13,139.26,484,67.46,1174.13,878.02,159.7,165.23,160.76,2188,719,1107,4014,150,100,24,585,79,873,1120,2038,2757,223,491,1996,1274,497,530,2250,546,111,66.37,64.98,32.77,58,54,38,4038.13,2907,2922.8,369,28.64,23.04,27.35,165.42,166.28,163.96,1900.72,159.14,126.95,439.75,62.64,1044.68,787.84,153.82,159.17,153.83,1989,632,855,3476,130,133,34,427,62,805,1065,1859,2491,270,593,1850,2150,469,453,1975,530,116,59.43,63.81,35.89,38,53,39,3458.29,2621,2613.59,314,26.25,31.95,35.73,149.66,149.69,147.55
CHI,2014,CHI,CHI,Team Level,4on5,82,0.14,0.11,0.12,20678,44.2,5.1,2.37,5.53,1.31,12.45,34.23,4.85,5.1,4.85,47,14,10,71,2,2,0,7,0,13,37,45,59,8,16,176,28,48,43,39,13,9,1.15,1.5,2.46,2,0,0,71,61,61,40,0.55,0.7,0.7,4.95,4.95,4.79,309.44,31.89,29.06,65.95,10.73,198.44,103.94,30.16,31.89,30.16,323,117,134,574,33,26,5,68,11,149,153,290,407,13,26,186,34,16,52,323,85,32,8.8,10.37,12.73,6,11,16,574,440,440,6,7.47,5.01,5.36,34,34,32.85
CHI,2014,CHI,CHI,Team Level,5on4,82,0.87,0.89,0.87,25795,366.06,39.96,33.01,75.32,12.92,232.89,121.89,38.04,39.96,38.04,376,140,206,722,42,29,9,81,13,188,163,334,474,14,31,251,23,21,47,382,92,42,8.87,11.38,19.7,5,8,29,722,516,516,5,8.25,8.76,9.37,38.84,38.84,37.63,58.9,6.07,2.91,7.59,1.67,17.33,40.44,5.9,6.07,5.9,59,17,11,87,7,4,0,3,1,7,54,52,69,12,26,192,89,53,44,51,17,8,1.55,2.15,2.37,1,4,2,87,76,76,44,0.67,0.97,0.97,5.77,5.77,5.72
VAN,2014,VAN,VAN,Team Level,other,82,0.48,0.42,0.43,13097,131.55,32.59,8.83,22.98,4.23,66.71,47.85,31.08,32.59,31.08,140,46,42,228,42,8,4,28,5,43,60,98,144,12,25,144,36,14,26,101,39,46,3.67,4.62,24.3,7,5,30,228,186,186,13,2.54,3.15,3.35,31.72,31.72,30.74,175,34.74,13.29,32.99,5.98,95.24,60.77,32.23,34.74,32.23,169,74,68,311,26,16,2,40,6,83,72,143,217,14,33,167,38,29,31,138,54,51,5.45,6.76,22.53,3,6,17,311,243,243,14,3.72,4.41,5.02,33.44,33.44,31.71
VAN,2014,VAN,VAN,Team Level,all,82,0.49,0.49,0.5,298789,2407.25,219.68,165.12,535.86,78.17,1342.72,1009.64,210.96,220.1,211.42,2454,900,1075,4429,236,131,33,603,80,1082,1222,2218,3118,337,764,2330,1582,502,689,2537,630,187,71.94,75.41,72.32,75,73,88,4420.6,3354,3353.95,478,36.21,31.18,34.69,221.13,221.49,216.38,2428.76,229.87,169.79,550.18,80.5,1353.97,992.68,221.34,230.82,222.31,2447,930,1216,4593,220,157,41,629,87,1069,1215,2227,3157,304,714,2663,1888,531,702,2509,634,234,74.58,77.33,77.97,72,69,79,4601.17,3377,3385.55,429,37.5,35.9,40,227.37,228.4,223.5
VAN,2014,VAN,VAN,Team Level,5on5,82,0.48,0.5,0.5,237667,1899.29,139.87,124.74,442.54,61.6,1061.82,807.43,135.93,140.31,136.4,1928,710,869,3507,149,103,24,487,59,870,970,1779,2489,293,669,1803,1446,417,565,2080,472,86,59.47,56.61,23.79,59,58,32,3498.6,2638,2637.95,407,25.63,21.38,22.36,143.14,143.51,141.52,1874.47,154.38,124.47,441.12,62.23,1038.79,784.02,149.96,155.32,150.94,1898,707,971,3576,160,113,34,472,59,834,967,1738,2445,264,626,2004,1750,432,564,1994,476,135,59.08,58.12,37.18,63,55,42,3584.17,2605,2613.55,370,25.69,24.53,26.95,153.12,154.15,152.03
VAN,2014,VAN,VAN,Team Level,4on5,82,0.14,0.14,0.17,25467,66.92,5.81,3.18,8.39,1.92,19.4,55.3,5.81,5.81,5.81,74,20,12,106,5,0,0,7,1,16,65,69,89,11,22,196,79,63,46,65,24,5,1.4,2.93,1.48,1,1,3,106,94,94,44,0.74,0,0,6.54,6.54,6.54,329.5,36.58,29.83,69.41,10.87,205.98,109.32,35.11,36.58,35.11,325,137,164,626,33,24,5,108,21,141,135,292,429,17,34,287,41,27,72,327,90,45,8.57,10.64,17.37,6,7,20,626,462,462,12,7.58,6.36,7.43,36.73,36.73,35.7
VAN,2014,VAN,VAN,Team Level,5on4,82,0.91,0.88,0.87,22558,309.49,41.4,28.36,61.95,10.42,194.8,99.07,38.14,41.4,38.14,312,124,152,588,40,20,5,81,15,153,127,272,396,21,48,187,21,8,52,291,95,50,7.41,11.26,22.74,8,9,23,588,436,436,14,7.3,6.65,8.97,39.73,39.73,37.57,49.79,4.17,2.21,6.65,1.43,13.96,38.57,4.04,4.17,4.04,55,12,13,80,1,4,0,9,1,11,41,54,66,9,21,205,59,43,35,50,14,3,1.48,1.81,0.89,0,1,0,80,67,67,33,0.51,0.6,0.6,4.08,4.08,4.07
ANA,2014,ANA,ANA,Team Level,other,82,0.45,0.45,0.45,14731,136.97,25.97,8.33,25.79,4.44,70.4,60.06,25.16,25.97,25.16,130,65,61,256,29,5,4,31,3,65,62,101,166,12,24,165,50,22,25,125,35,35,4.04,4.09,17.84,6,6,17,256,195,195,14,2.24,2.36,2.36,25.84,25.84,25.06,177.02,31.57,12.23,33.69,6.34,97.6,61.57,26.85,31.57,26.85,161,82,70,313,23,11,3,34,4,93,78,138,220,7,12,155,47,19,31,133,67,43,4.26,7.98,19.33,4,3,16,313,243,243,11,3.6,3.91,4.24,30.93,30.93,26.74
ANA,2014,ANA,ANA,Team Level,all,82,0.51,0.51,0.52,300164,2555.7,216.74,171.72,576.73,84.01,1422.25,1105.61,210.34,217.23,210.8,2458,1120,1141,4719,228,152,34,597,76,1207,1318,2230,3350,342,792,2652,2301,479,745,2762,643,173,76.3,77.73,62.71,76,82,70,4719.73,3578,3583.86,395,37.43,30.2,30.62,223.49,223.99,219.82,2397.22,205.63,160.8,543.91,80.38,1349.04,1020.25,194.86,206.15,195.38,2367,993,1162,4522,221,155,41,567,84,1106,1227,2146,3139,302,709,2483,2187,515,789,2581,595,184,70.55,70.8,64.27,68,80,73,4532.42,3360,3371.17,461,35.54,34.17,34.79,206.37,206.93,200.01
ANA,2014,ANA,ANA,Team Level,5on5,82,0.52,0.51,0.52,239094,1992.11,149.38,128.2,466.68,65.73,1110.29,861.79,145.27,149.86,145.74,1897,886,902,3685,159,114,27,461,58,930,1061,1738,2624,295,695,2041,2119,382,604,2189,495,99,61.06,59.82,28.49,63,66,30,3685.73,2783,2788.86,332,26.38,23.94,24.46,151.23,151.71,149.65,1849.82,135.63,118.37,437.75,61.69,1039.27,805.3,131.31,136.15,131.83,1837,761,907,3505,150,111,29,463,64,849,961,1687,2448,274,646,1875,1991,425,631,2060,445,93,57.2,53.19,25.24,53,65,32,3515.42,2598,2609.17,394,24.3,22.32,22.86,137.06,137.62,135.72
ANA,2014,ANA,ANA,Team Level,4on5,82,0.18,0.17,0.21,23693,81.91,7.48,3.98,10.6,2.31,24.07,68.56,7.41,7.48,7.41,87,30,12,129,6,3,0,14,1,26,67,81,111,13,26,214,94,53,48,83,29,5,2.34,3.77,1.37,1,3,2,129,117,117,43,0.91,0.33,0.33,8.06,8.06,8.01,319.8,34.2,28.04,66.19,10.9,197.61,106.06,32.51,34.2,32.51,309,134,181,624,42,32,9,61,13,151,144,267,401,10,26,227,36,27,88,330,69,44,7.85,7.82,18.53,9,11,22,624,443,443,18,7.13,7.77,7.52,33.81,33.81,32.99
ANA,2014,ANA,ANA,Team Level,5on4,82,0.89,0.89,0.86,22646,344.72,33.93,31.21,73.66,11.52,217.49,115.2,32.49,33.93,32.49,344,139,166,649,34,30,3,91,14,186,128,310,449,22,47,232,38,22,68,365,84,34,8.87,10.05,15,6,7,21,649,483,483,6,7.91,3.57,3.46,38.37,38.37,37.11,50.57,4.23,2.17,6.28,1.46,14.55,47.3,4.2,4.23,4.2,60,16,4,80,6,1,0,9,3,13,44,54,70,11,25,226,113,44,39,58,14,4,1.23,1.81,1.18,2,1,3,80,76,76,38,0.51,0.17,0.17,4.57,4.57,4.56
NYR,2014,NYR,NYR,Team Level,other,82,0.57,0.49,0.53,9608,136.61,29.02,9.22,25.3,4.71,71.67,50.08,27.8,29.02,27.8,133,57,59,249,25,11,5,28,8,55,63,108,165,7,14,130,39,29,26,106,45,39,3.66,5.57,19.8,6,4,15,249,190,190,10,2.61,3.01,3.67,27.97,27.97,27.13,123.58,21.45,8.4,23.69,4.17,66.94,46.34,20.36,21.45,20.36,118,53,83,254,14,7,1,25,5,62,58,104,157,10,20,123,42,27,35,108,33,30,3.75,4.25,13.45,1,1,12,254,171,171,17,2.41,0.86,0.86,23,23,21.91
NYR,2014,NYR,NYR,Team Level,all,82,0.53,0.5,0.5,298985,2516.98,234.51,167.72,563.65,82,1381.09,1049.03,225.35,237.15,227.91,2582,896,1142,4620,248,155,42,625,78,1074,1298,2334,3230,283,646,2298,1913,667,775,2603,651,224,72.48,79.68,82.37,74,91,83,4694.5,3478,3527.03,426,36.74,40.17,42.61,228.66,230.86,225.36,2449.54,210.85,163.46,559.34,79.75,1371.49,1024.16,203.43,210.44,203.01,2418,992,1159,4569,187,142,32,604,94,1148,1235,2231,3223,276,620,2619,1961,527,756,2609,600,201,69.82,74.23,66.8,61,57,69,4515.62,3410,3382.03,422,35.45,32.13,33.48,212.76,212.44,207.39
NYR,2014,NYR,NYR,Team Level,5on5,82,0.5,0.49,0.49,244914,1984.51,159.13,127.46,461.41,64.57,1084.55,834.86,154.27,161.77,156.83,2027,705,906,3638,179,114,30,512,60,843,1024,1848,2553,251,580,1767,1759,532,627,2104,493,135,59.1,60.96,39.09,63,75,41,3712.5,2732,2781.03,367,26.24,28.07,29.96,155.42,157.63,155.11,2011.45,157.24,129.39,475.27,65.31,1119.18,848.6,152.28,156.83,151.85,1982,813,920,3715,137,124,28,508,75,939,1012,1845,2658,236,538,2059,1810,432,620,2174,485,136,58.86,59.84,38.54,52,46,39,3661.62,2795,2767.03,372,26.6,28.02,29.11,154.74,154.41,151.62
NYR,2014,NYR,NYR,Team Level,4on5,82,0.18,0.18,0.2,22396,68.96,6.05,3.1,8.94,1.96,19.57,54.37,5.99,6.05,5.99,82,12,23,117,9,2,0,7,2,11,63,73,85,12,24,191,88,77,47,66,20,8,1.53,2.4,2.12,2,2,5,117,94,94,40,0.72,0.4,0.4,6.37,6.37,6.36,267.47,27.69,23.6,54.73,9,173,90.03,26.34,27.69,26.34,258,121,142,521,31,10,3,59,12,138,129,227,348,16,32,212,46,17,75,280,72,27,6.19,8.81,12.69,6,8,17,521,379,379,10,5.96,2.99,3.25,30.34,30.34,29.18
NYR,2014,NYR,NYR,Team Level,5on4,82,0.9,0.89,0.88,22067,326.9,40.32,27.93,67.98,10.76,205.29,109.72,37.29,40.32,37.29,340,122,154,616,35,28,7,78,8,165,148,305,427,13,28,210,27,29,75,327,93,42,8.2,10.75,21.37,3,10,22,616,462,462,9,7.17,8.7,8.58,38.91,38.91,36.77,47.03,4.46,2.06,5.65,1.28,12.36,39.19,4.45,4.46,4.45,60,5,14,79,5,1,0,12,2,9,36,55,60,14,30,225,63,51,26,47,10,8,1.03,1.33,2.11,2,2,1,79,65,65,23,0.48,0.26,0.26,4.68,4.68,4.68
EDM,2014,EDM,EDM,Team Level,other,82,0.5,0.55,0.55,7138,132.85,23.1,9.39,24.66,4.3,73.05,50.5,22.08,23.1,22.08,128,57,62,247,18,6,3,28,5,62,66,110,167,9,21,115,38,22,22,113,38,34,4.39,4.43,14.29,0,4,14,247,185,185,11,2.66,1.38,1.38,24.38,24.38,23.5,109.92,22.89,6.7,20.18,3.38,53.71,47.14,21.94,22.89,21.94,103,51,49,203,24,10,3,15,9,41,55,79,130,7,17,126,38,24,30,93,31,30,3.58,3.89,15.42,5,5,14,203,154,154,12,1.83,3.71,4.19,20.53,20.53,19.71
EDM,2014,EDM,EDM,Team Level,all,82,0.46,0.49,0.48,300260,2351.32,207.09,157.44,541.44,76,1307.4,978.62,200.8,206.54,200.26,2331,937,1224,4492,193,157,43,569,71,1018,1260,2138,3075,272,657,2390,1980,598,898,2502,587,179,73.07,69.35,64.68,53,66,74,4438.74,3268,3244.54,588,34.5,38.07,38.24,203.36,202.79,198.97,2496.28,245.87,170.25,567.59,81.15,1388.96,1032.23,237,248.17,239.26,2464,1023,1205,4692,276,196,42,559,102,1064,1290,2188,3211,287,664,2567,2042,581,794,2549,704,234,79.21,86.3,80.36,109,85,82,4768.32,3487,3526.67,451,36.95,46.81,48.59,234.17,236.26,231.33
EDM,2014,EDM,EDM,Team Level,5on5,82,0.44,0.48,0.48,250065,1864.63,143.66,118.65,446.03,60.2,1030.23,790.24,140.22,143.1,139.68,1846,743,976,3565,133,111,25,455,58,792,1040,1713,2456,241,589,1893,1854,498,750,2027,455,107,59.36,53.51,30.78,46,51,36,3511.74,2589,2565.54,512,24.4,24.23,24.42,143.63,143.05,141.01,2040.47,180.17,135.23,479.01,66.3,1135.15,852.2,173.99,182.47,176.24,2008,841,1004,3853,198,157,32,477,81,870,1066,1810,2651,258,600,2026,1915,496,650,2123,572,154,67.54,69.96,42.67,91,69,38,3929.32,2849,2888.67,377,27.93,35.36,36.02,172.01,174.11,171.33
EDM,2014,EDM,EDM,Team Level,4on5,82,0.11,0.11,0.13,21036,46.23,4.59,2.18,6.11,1.54,13.72,34.86,4.49,4.59,4.49,47,16,10,73,4,4,2,4,0,9,42,43,59,11,25,181,56,58,52,43,17,3,1.25,2.54,0.8,0,3,1,73,63,63,51,0.49,0.9,0.9,4.19,4.19,4.19,302.77,38.22,26.24,62.95,10.27,187.23,99.08,36.5,38.22,36.5,308,116,141,565,47,27,7,62,12,145,131,261,377,11,25,188,28,12,64,292,87,45,6.72,10.55,20.96,10,9,28,565,424,424,12,6.73,7.53,8.2,36.75,36.75,35.44
EDM,2014,EDM,EDM,Team Level,5on4,82,0.89,0.9,0.88,22021,307.61,35.75,27.23,64.64,9.96,190.41,103.03,34.02,35.75,34.02,310,121,176,607,38,36,13,82,8,155,112,272,393,11,22,201,32,20,74,319,77,35,8.07,8.87,18.81,7,8,23,607,431,431,14,6.96,11.57,11.54,31.16,31.16,30.27,43.13,4.58,2.08,5.46,1.2,12.87,33.81,4.58,4.58,4.58,45,15,11,71,7,2,0,5,0,8,38,38,53,11,22,227,61,49,50,41,14,5,1.36,1.91,1.31,3,2,2,71,60,60,50,0.47,0.21,0.18,4.87,4.87,4.86
DAL,2014,DAL,DAL,Team Level,other,82,0.53,0.5,0.49,10888,154.57,33.9,10.64,29.13,5.19,81.33,53.81,31.83,33.9,31.83,137,77,83,297,24,13,2,34,9,76,58,113,190,7,14,167,39,30,27,113,49,52,4.27,5.92,23.71,4,4,16,297,214,214,13,3.11,2.97,3.57,33.45,33.45,31.91,160.77,30.53,11.18,31.67,5.41,84.67,60.76,29.23,30.53,29.23,168,59,75,302,36,16,8,31,6,77,61,132,191,8,14,157,45,34,30,139,47,41,4.71,5.88,19.94,6,7,23,302,227,227,14,3.24,4.89,5.01,28.7,28.7,28.1
DAL,2014,DAL,DAL,Team Level,all,82,0.52,0.52,0.52,298658,2683.01,253.94,183.51,615.47,88.8,1503.84,1102.51,244.84,254.76,245.69,2558,1191,1355,5104,257,201,37,592,89,1237,1373,2301,3492,316,721,2804,1657,645,821,2812,691,246,83.01,83.34,87.59,84,88,85,5120.32,3749,3760.87,414,40.4,42.71,43.59,250.69,251.33,245.73,2486.99,235.12,170.13,570.4,80.84,1369.98,1031.74,226.17,234.98,226.08,2454,1007,1247,4708,257,191,47,553,81,1131,1248,2197,3204,349,806,2614,1819,686,747,2576,660,225,71.67,81.53,81.92,82,79,96,4685.4,3461,3450.24,404,37.75,42.55,44.68,228.13,227.97,223.72
DAL,2014,DAL,DAL,Team Level,5on5,82,0.52,0.52,0.52,236111,2091.26,167.64,137.6,497.92,68.95,1174.15,874.75,162.96,168.46,163.8,1989,932,1050,3971,176,150,27,456,63,972,1104,1813,2745,280,649,2119,1498,525,672,2259,530,132,66.4,63.6,37.64,74,67,35,3987.32,2921,2932.87,359,28.37,31.61,32.16,163.84,164.49,162.35,1915.2,153.35,124.78,458.56,62.05,1057.08,803.18,148.3,153.21,148.21,1880,779,984,3643,171,134,29,447,56,873,978,1709,2488,303,713,1968,1658,546,585,2032,501,126,56.56,61.88,34.9,68,61,42,3620.4,2659,2648.24,336,25.74,27.9,29.06,150.03,149.86,147.55
DAL,2014,DAL,DAL,Team Level,4on5,82,0.14,0.15,0.17,24311,69.47,7.2,3.45,9.26,2.11,20.4,53.57,7.11,7.2,7.11,70,26,19,115,7,3,1,10,0,17,59,63,89,12,24,238,85,58,36,68,16,12,1.94,1.93,3.34,0,2,5,115,96,96,29,0.8,1.01,0.77,7.23,7.23,7.2,337.89,43.68,30.65,70.9,11.21,208.58,108,41.25,43.68,41.25,332,141,173,646,44,37,9,68,14,168,142,288,429,26,52,230,34,25,81,337,87,49,8.65,10.61,24.42,7,8,29,646,473,473,12,7.97,9.01,9.86,41.79,41.79,40.47
DAL,2014,DAL,DAL,Team Level,5on4,82,0.86,0.86,0.84,27348,367.72,45.2,31.82,79.15,12.56,227.95,120.38,42.94,45.2,42.94,362,156,203,721,50,35,7,92,17,172,152,312,468,17,34,280,35,32,86,372,96,50,10.4,11.9,22.89,6,15,29,721,518,518,13,8.13,7.13,7.1,46.17,46.17,44.28,73.13,7.56,3.51,9.29,2.18,19.64,59.81,7.39,7.56,7.39,74,28,15,117,6,4,1,7,5,13,67,68,96,12,27,259,82,81,51,68,25,9,1.74,3.16,2.67,1,3,2,117,102,102,42,0.81,0.75,0.75,7.62,7.62,7.59
CAR,2014,CAR,CAR,Team Level,other,82,0.48,0.53,0.51,13194,151.9,25.7,10.5,29.39,5.27,85.16,54.98,24.15,25.7,24.15,134,77,83,294,14,9,0,27,8,84,69,120,197,5,10,139,51,55,33,129,48,34,4.35,6.14,15.2,0,5,9,294,211,211,14,3.01,2.2,2.48,26.23,26.23,24.86,144.35,27.71,8.61,27.73,5.06,72.79,58.1,26.69,27.71,26.69,136,64,59,259,22,7,2,21,3,80,67,114,178,7,14,132,61,35,44,120,42,38,4.06,4.96,18.7,0,7,15,259,200,200,19,2.33,2.27,2.31,27.73,27.73,26.9
CAR,2014,CAR,CAR,Team Level,all,82,0.51,0.53,0.52,299942,2559,217.96,168.87,608.81,83.94,1422.76,1046.65,209.59,216.54,208.24,2524,1025,1299,4848,183,221,38,642,80,1198,1225,2341,3366,231,517,2602,1953,746,720,2754,590,205,76.98,70.91,70.06,64,63,56,4795.85,3549,3518.11,379,37.07,47.19,48.63,206.39,205.09,200.42,2320.68,207.5,154.28,538.47,75.58,1282.16,963.01,200.56,208.67,201.71,2237,984,1090,4311,219,172,42,482,84,1056,1208,2018,3002,277,611,2311,2311,707,653,2447,600,174,70.85,72.45,64.2,63,90,66,4355.97,3221,3247.45,342,33.5,34.38,35.42,205.59,206.71,202.66
CAR,2014,CAR,CAR,Team Level,5on5,82,0.51,0.52,0.52,245143,2053.47,152.56,128.78,505.39,67.34,1135.21,855.72,147.7,151.15,146.34,2027,818,1027,3872,127,175,28,531,66,942,1004,1900,2718,206,464,2031,1783,606,585,2263,460,122,63.23,55.09,34.24,53,50,24,3819.85,2845,2814.11,328,26.44,35.21,35.41,143.59,142.29,140.06,1880.54,148.12,121.35,450.57,61.18,1037.64,787.15,143.53,149.29,144.69,1812,794,909,3515,165,141,33,399,69,846,986,1647,2441,246,543,1815,2104,587,508,2024,477,105,59.82,58.33,29.97,59,76,30,3559.97,2606,2632.45,279,25,26.19,27.14,145.99,147.11,144.73
CAR,2014,CAR,CAR,Team Level,4on5,82,0.08,0.11,0.13,18966,37.18,2.5,1.57,4.76,1.06,11.18,32.93,2.49,2.5,2.49,40,14,6,60,2,1,0,4,0,15,32,38,52,8,16,177,79,52,24,41,12,1,0.84,1.32,0.34,0,1,1,60,54,54,22,0.36,0.11,0.11,2.75,2.75,2.75,253.04,27.85,22.5,54.05,8.17,159.3,86.11,26.51,27.85,26.51,247,111,109,467,28,24,7,57,10,118,121,219,330,15,33,176,47,32,60,263,69,26,5.82,7.83,14.21,3,7,18,467,358,358,9,5.76,5.92,5.97,27.63,27.63,26.8
CAR,2014,CAR,CAR,Team Level,5on4,82,0.91,0.9,0.89,22639,316.44,37.19,28.02,69.28,10.28,191.21,103.02,35.26,37.19,35.26,323,116,183,622,40,36,10,80,6,157,120,283,399,12,27,255,40,33,78,321,70,48,8.54,8.36,20.28,11,7,22,622,439,439,15,7.25,9.66,10.63,33.82,33.82,32.77,42.76,3.83,1.81,6.11,1.18,12.43,31.64,3.83,3.83,3.83,42,15,13,70,4,0,0,5,2,12,34,38,53,9,21,188,99,53,41,40,12,5,1.16,1.34,1.33,1,0,3,70,57,57,35,0.42,0,0,4.24,4.24,4.24
TOR,2014,TOR,TOR,Team Level,other,82,0.42,0.49,0.47,11005,149.53,26.53,10.89,29.18,5.69,82.14,52.57,25.08,26.53,25.08,151,56,73,280,23,11,5,32,14,68,59,128,184,8,16,158,77,33,28,115,58,34,4.03,7.15,15.35,2,5,16,280,207,207,16,3.06,2.93,3.33,26.26,26.26,25.2,168.14,37.12,10.91,30.39,5.37,86.7,60.51,34.17,37.12,34.17,164,67,63,294,24,10,3,41,11,78,67,140,207,12,22,155,82,38,31,123,52,56,4.52,6.32,26.28,5,3,16,294,231,231,18,3.19,3.96,6.33,33.98,33.98,32
TOR,2014,TOR,TOR,Team Level,all,82,0.45,0.47,0.46,299399,2391.56,215.54,161.01,550.92,78.12,1326.97,1002.44,207.72,214.17,206.44,2397,938,1087,4422,206,125,24,545,101,1169,1189,2191,3129,333,743,2547,2545,756,710,2480,669,186,68.46,81.13,65.96,80,66,60,4365.91,3335,3297.93,467,35.63,28.45,33.75,217.42,216.06,211.67,2774.07,267.81,187.9,637.66,90.98,1543.01,1135.64,256.13,270.47,258.71,2748,1115,1175,5038,257,173,46,732,126,1260,1315,2491,3606,351,773,2647,2348,737,767,2843,755,265,81.17,89.49,97.15,90,84,83,5118.66,3863,3917.78,487,41.65,45.07,49.61,259.85,262.5,254.91
TOR,2014,TOR,TOR,Team Level,5on5,82,0.45,0.46,0.46,236200,1816.71,141.94,114.52,438.19,58.09,1005.61,775.66,138.18,140.58,136.89,1811,723,829,3363,137,87,15,427,66,877,940,1674,2397,298,670,1921,2270,619,557,1945,487,102,54.68,58.1,29.17,67,43,27,3306.91,2534,2496.93,378,23.55,18.56,21.81,143.68,142.32,140.23,2116.82,173.92,137.33,509.48,69.52,1178.32,879.43,168.55,176.59,171.15,2092,856,927,3875,171,119,28,578,91,965,1024,1921,2777,299,668,1955,2116,599,610,2215,592,141,65.04,69.95,38.93,72,69,30,3955.66,2948,3002.78,396,28.3,27.35,29.37,172.85,175.49,172.56
TOR,2014,TOR,TOR,Team Level,4on5,82,0.12,0.13,0.14,25245,68.41,7.03,3.25,9.03,1.92,18.85,56.92,6.9,7.03,6.9,81,16,17,114,7,2,1,11,2,23,52,74,90,8,16,223,137,79,56,71,14,12,1.66,1.9,3.48,1,3,3,114,97,97,55,0.76,0.69,0.69,7.1,7.1,7.09,413.17,49.85,36.44,88.04,13.97,256.09,132.63,46.55,49.85,46.55,401,176,167,744,50,42,15,104,23,200,158,351,527,26,52,291,40,23,57,426,90,61,9.71,10.58,29.56,8,8,34,744,577,577,8,9.43,13.37,13.52,45.75,45.75,43.12
TOR,2014,TOR,TOR,Team Level,5on4,82,0.85,0.84,0.82,26949,356.92,40.03,32.35,74.53,12.43,220.37,117.29,37.57,40.03,37.57,354,143,168,665,39,25,3,75,19,201,138,315,458,19,41,245,61,25,69,349,110,38,8.09,13.98,17.97,10,15,14,665,497,497,18,8.26,6.27,7.92,40.38,40.38,39.15,75.92,6.92,3.22,9.75,2.12,21.91,63.07,6.85,6.92,6.85,91,16,18,125,12,2,0,9,1,17,66,79,95,14,31,246,110,77,69,79,21,7,1.91,2.63,2.37,5,4,3,125,107,107,65,0.74,0.39,0.39,7.28,7.28,7.23
CBJ,2014,CBJ,CBJ,Team Level,other,82,0.5,0.51,0.49,9896,148.29,29.04,9.61,27.59,4.89,81.87,56,28.05,29.04,28.05,156,53,80,289,26,9,4,23,14,72,65,130,183,11,22,134,49,19,14,128,42,39,4.54,5.27,19.23,3,5,18,289,209,209,7,2.74,3.84,3.84,27.94,27.94,27.12,159.2,29.33,10.77,29.65,5.16,83.99,59.1,27.92,29.33,27.92,168,50,65,283,25,10,1,32,9,67,75,143,193,9,18,155,33,23,21,136,50,32,4.91,6.39,18.03,2,6,17,283,218,218,12,3.02,2.33,2.33,30.02,30.02,28.75
CBJ,2014,CBJ,CBJ,Team Level,all,82,0.47,0.47,0.47,299887,2292.29,211.35,158.49,520.74,74.62,1279.48,945.32,205.2,211.22,205.08,2366,824,1025,4215,227,163,46,441,136,1085,1138,2139,2963,387,916,2498,2510,485,485,2400,594,196,68.06,72.82,70.49,81,64,82,4181.62,3190,3169.92,248,35.04,34.65,35.69,210.69,210.59,206.64,2635.01,235.89,179.86,595.3,86.05,1489.05,1080.85,226.39,237.33,227.74,2742,925,1080,4747,248,178,38,567,152,1241,1281,2494,3419,329,796,2570,1930,474,566,2785,664,218,78.53,78.84,78.52,76,87,85,4783.3,3667,3695.62,294,39.6,38.63,39.6,235.9,236.98,230.82
CBJ,2014,CBJ,CBJ,Team Level,5on5,82,0.48,0.47,0.47,236912,1765.53,135.35,115.59,419.85,57.32,986.97,742.92,132.06,135.22,131.94,1821,637,778,3236,146,116,29,359,95,849,893,1675,2312,348,833,1855,2283,387,397,1914,446,98,55.19,54.32,25.84,70,46,30,3202.62,2458,2437.92,218,23.77,20.52,21.22,137.9,137.78,135.89,1984.15,148.13,127.87,468.91,64.54,1113.02,840.54,143.68,149.57,145.03,2044,719,837,3600,167,124,30,433,123,922,994,1877,2596,299,725,1913,1781,378,438,2171,475,117,61.19,55.53,31.42,68,62,37,3636.3,2763,2791.62,250,26.22,24.66,25.32,149.03,150.11,147.59
CBJ,2014,CBJ,CBJ,Team Level,4on5,82,0.1,0.11,0.11,29440,57.45,6.25,2.94,7.27,1.64,16.78,43.11,6.24,6.25,6.24,61,17,16,94,5,1,0,7,3,13,49,56,73,13,29,274,128,68,25,49,19,10,1.37,2.37,2.52,0,1,4,94,78,78,20,0.67,0.22,0.22,6.71,6.71,6.71,448,54.53,39.19,90.47,14.97,278.99,146.84,51.03,54.53,51.03,484,141,170,795,52,39,6,96,20,237,181,432,573,12,27,282,57,16,80,433,129,63,11.18,15.89,27.46,6,18,28,795,625,625,11,9.92,10.85,11.16,53.29,53.29,50.93
CBJ,2014,CBJ,CBJ,Team Level,5on4,82,0.91,0.9,0.88,23639,321.02,40.71,30.34,66.02,10.77,193.86,103.3,38.85,40.71,38.85,328,117,151,596,50,37,13,52,24,151,131,278,395,15,32,235,50,11,49,309,87,49,6.96,10.86,22.89,8,12,30,596,445,445,3,7.85,10.07,10.41,38.15,38.15,36.92,43.67,3.9,2.03,6.26,1.38,13.06,34.38,3.77,3.9,3.77,46,15,8,69,4,5,1,6,0,15,31,42,57,9,26,220,59,57,27,45,10,6,1.26,1.04,1.61,0,1,3,69,61,61,21,0.46,0.8,0.8,3.56,3.56,3.54
STL,2014,STL,STL,Team Level,other,82,0.53,0.56,0.55,9917,148.12,24.17,9.77,29.3,4.85,76.23,63.68,23.49,24.17,23.49,143,65,80,288,24,6,0,33,10,67,68,119,184,18,38,167,43,29,18,129,54,25,4.78,6.63,12.77,5,6,13,288,208,208,5,2.76,1.35,1.35,25.59,25.59,24.99,128.65,21.12,8.98,25.4,4.16,65.33,48.01,20.4,21.12,20.4,130,43,56,229,19,14,5,37,2,44,57,111,154,11,22,154,51,18,23,110,34,29,3.99,3.94,13.19,2,5,12,229,173,173,10,2.57,4.84,4.79,18.9,18.9,18.58
STL,2014,STL,STL,Team Level,all,82,0.53,0.52,0.53,300205,2521.86,217.11,173.58,577.28,80.8,1424.11,1056.12,209.74,218.85,211.42,2536,993,1092,4621,239,178,35,604,100,1084,1324,2297,3290,349,794,2737,1847,532,425,2725,612,192,77.45,72.1,67.57,97,69,73,4665.18,3529,3559.63,244,38.16,40.18,41.66,213.61,215.22,211.26,2255.06,192.76,150.63,523.96,73.02,1250.26,931.37,184.89,191.98,184.22,2233,889,1173,4295,197,146,29,606,97,917,1159,2036,2925,332,771,2386,2035,562,536,2410,534,178,68.02,63.02,61.72,74,65,58,4269.12,3122,3108.24,339,33.18,35.89,36.9,189.04,188.27,185.16
STL,2014,STL,STL,Team Level,5on5,82,0.53,0.52,0.53,241069,1964.42,150.96,129.21,466.77,62.71,1105.54,827.8,146.48,152.71,148.16,1966,777,858,3601,161,134,27,486,73,843,1046,1805,2582,307,702,2068,1711,436,345,2153,469,121,62.24,55.64,33.08,84,47,30,3645.18,2743,2773.63,209,26.57,30.42,32.24,145.29,146.9,144.66,1755.87,131.68,112.65,424.18,56.95,968.46,737.09,127.33,130.9,126.66,1742,689,929,3360,135,105,16,486,75,718,912,1607,2296,286,673,1818,1873,482,426,1906,422,103,53.58,50.01,28.09,63,49,23,3334.12,2431,2417.24,291,23.24,22.52,23.25,131.67,130.9,128.97
STL,2014,STL,STL,Team Level,4on5,82,0.07,0.12,0.14,25278,52.02,2.74,1.88,6.84,1.53,15.3,46.7,2.72,2.74,2.72,58,17,12,87,2,2,0,8,1,11,51,56,73,8,16,243,57,51,25,65,10,0,1.46,1.28,0,1,1,0,87,75,75,23,0.45,0.41,0.07,3.12,3.12,3.11,317.78,35.7,26.45,67.2,10.45,201.43,104.78,32.99,35.7,32.99,307,139,173,619,38,24,8,75,18,144,147,269,408,25,53,224,37,14,51,340,65,41,8.9,7.51,19.28,7,9,22,619,446,446,5,6.79,8,8.34,34.15,34.15,33.29
STL,2014,STL,STL,Team Level,5on4,82,0.9,0.88,0.87,23941,357.28,39.23,32.71,74.38,11.71,227.03,117.94,37.05,39.23,37.05,369,134,142,645,52,36,8,77,16,163,159,317,451,16,38,259,36,16,37,378,79,46,8.96,8.55,21.72,7,15,30,645,503,503,7,8.38,8.01,8.01,39.61,39.61,38.5,52.76,4.26,2.55,7.18,1.47,15.06,41.48,4.18,4.26,4.18,54,18,15,87,5,3,0,8,2,11,43,49,67,10,23,190,74,48,36,54,13,5,1.55,1.55,1.16,2,2,1,87,72,72,33,0.59,0.52,0.52,4.32,4.32,4.31
CGY,2014,CGY,CGY,Team Level,other,82,0.54,0.53,0.53,13178,145.73,27.64,10.3,26.5,4.69,77.01,53.85,26.34,27.64,26.34,152,48,72,272,38,9,5,24,1,59,69,114,162,3,6,113,31,30,39,110,57,33,4.47,7.51,15.67,11,7,20,272,200,200,18,2.84,3.69,3.73,26.76,26.76,26.26,131.36,23.87,8.68,24.43,3.95,66.97,50.09,22.83,23.87,22.83,123,55,66,244,23,9,3,28,2,56,60,100,155,7,14,136,38,27,27,108,38,32,3.7,4.6,15.57,2,5,16,244,178,178,13,2.35,2.85,3.33,22.89,22.89,22.61
CGY,2014,CGY,CGY,Team Level,all,82,0.5,0.47,0.48,299458,2264.55,220.07,157.03,518.25,73.94,1258.28,913.49,211.83,220.07,211.86,2252,890,1245,4387,237,153,35,556,74,979,1143,2015,2905,241,566,2431,1782,814,899,2278,648,216,66.89,80.27,72.91,65,89,83,4379.03,3142,3136.55,472,34.75,34.37,36.03,218.72,218.84,214.26,2492.77,222.56,165.31,565.91,79.46,1361.83,1042.93,215.7,223.54,216.67,2392,1046,1557,4995,213,150,36,560,73,1161,1281,2179,3225,316,712,2692,1571,696,833,2565,681,192,73.79,81.73,67.04,72,67,74,5020.15,3438,3457.14,441,35.8,35.68,37.45,220.92,221.81,218.19
CGY,2014,CGY,CGY,Team Level,5on5,82,0.47,0.44,0.46,243481,1725.82,143.66,112.99,412.23,56.17,954.17,714.83,139.76,143.67,139.8,1703,692,951,3346,152,106,25,448,56,723,910,1551,2243,217,518,1950,1687,689,737,1800,475,120,53.27,58.26,32.14,49,68,35,3338.03,2395,2389.55,419,23.29,22.94,24.41,142.48,142.59,140.78,2061.67,162.8,132.43,484.13,65.86,1128.36,865.42,158.49,163.78,159.47,1977,862,1344,4183,154,113,22,479,57,969,1067,1823,2685,279,638,2124,1446,573,683,2166,551,122,62.91,65.87,34.02,68,50,36,4208.15,2839,2858.14,367,27.31,25.23,26.97,163.14,164.03,161.62
CGY,2014,CGY,CGY,Team Level,4on5,82,0.15,0.14,0.15,18087,46.82,5.77,2.16,6.39,1.42,12.93,31.32,5.6,5.77,5.6,52,8,14,74,5,3,1,11,2,7,32,47,55,8,16,156,30,67,33,38,12,10,0.98,1.68,3.1,0,2,3,74,60,60,26,0.5,0.53,0.53,5.75,5.75,5.73,244.04,31.65,21.87,49.77,8.04,150.04,79.63,30.23,31.65,30.23,234,107,127,468,33,24,10,44,12,124,104,201,308,14,28,201,23,25,68,228,81,32,5.73,10.03,15.89,2,12,19,468,341,341,10,5.59,6.73,6.62,30.62,30.62,29.69
CGY,2014,CGY,CGY,Team Level,5on4,82,0.91,0.87,0.86,24712,346.17,43,31.58,73.12,11.66,214.17,113.48,40.12,43,40.12,345,142,208,695,42,35,4,73,15,190,132,303,445,13,26,212,34,28,90,330,104,53,8.18,12.82,21.99,5,12,25,695,487,487,9,8.11,7.21,7.36,43.74,43.74,41.49,55.7,4.24,2.31,7.56,1.6,16.48,47.8,4.15,4.24,4.15,58,22,20,100,3,4,1,9,2,12,50,55,77,16,32,231,64,71,55,63,11,6,1.45,1.23,1.55,0,0,3,100,80,80,51,0.54,0.86,0.52,4.27,4.27,4.26
MTL,2014,MTL,MTL,Team Level,other,82,0.53,0.47,0.47,11524,151.1,29.39,9.6,28.56,4.75,74.02,62.68,28.58,29.39,28.58,141,68,71,280,28,8,3,26,7,57,83,113,181,9,18,185,53,14,32,122,41,46,4.32,4.98,20.09,5,3,20,280,209,209,24,2.66,2.42,2.42,29.64,29.64,29.21,166.85,25.71,11.8,32.54,5.35,89.72,65.88,25.01,25.71,25.01,160,71,89,320,24,6,1,33,6,78,84,136,207,15,30,142,50,27,47,141,60,30,5.13,7.68,12.9,4,6,14,320,231,231,32,3.29,1.13,1.06,27.94,27.94,27.23
MTL,2014,MTL,MTL,Team Level,all,82,0.49,0.48,0.49,300429,2330.06,207.07,158.16,540.96,75.34,1292.69,964.78,199.74,207.9,200.52,2334,905,1288,4527,214,163,29,518,113,1042,1189,2120,3025,324,741,2695,1696,457,830,2497,527,215,70.28,65.4,71.4,86,64,64,4525.32,3239,3247.35,665,34.72,31.77,32.32,209.48,210.18,205.64,2451.5,214.9,167.63,564.57,79.95,1365.26,1021.76,209.21,215.08,209.4,2470,945,1406,4821,184,165,33,585,103,1137,1241,2286,3231,307,707,2479,2276,457,826,2590,634,191,73.01,76.63,65.25,58,56,70,4822.69,3415,3411.61,603,37.08,32.99,34.3,217.61,217.64,214.05
MTL,2014,MTL,MTL,Team Level,5on5,82,0.49,0.49,0.49,240996,1823.68,140.45,118.21,440.44,58.97,1011.24,763.68,136.23,141.27,137.01,1830,703,1014,3547,146,121,20,420,92,824,930,1684,2387,282,652,2062,1556,374,676,2000,410,123,56.69,51.08,32.68,69,50,27,3545.32,2533,2541.35,549,24.39,22.8,23.38,141.46,142.16,139.93,1902.91,148.06,122.74,454.33,61.74,1058.34,803.86,144.63,148.25,144.82,1916,734,1113,3763,122,111,23,474,88,880,975,1794,2528,266,625,1936,2087,351,654,2048,494,108,58.54,59.55,29.97,49,41,32,3764.69,2650,2646.61,500,25.38,23.3,24.69,148.68,148.72,146.81
MTL,2014,MTL,MTL,Team Level,4on5,82,0.11,0.11,0.13,24848,49.17,4.68,2.34,6.56,1.35,14.06,37.01,4.68,4.68,4.68,52,14,15,81,5,1,0,9,1,6,44,47,61,15,35,228,72,45,87,45,15,6,1.26,1.82,1.6,1,2,2,81,66,66,83,0.54,0.19,0.19,5.03,5.03,5.02,327.07,36.3,30.61,70.31,11.25,201.45,107.07,34.81,36.3,34.81,332,125,180,637,35,43,8,74,9,166,130,297,422,16,32,215,40,27,56,341,71,45,7.89,8.25,20.16,5,8,22,637,457,457,8,7.85,7.73,7.73,36.41,36.41,35.44
MTL,2014,MTL,MTL,Team Level,5on4,82,0.87,0.86,0.85,23061,306.11,32.55,28.01,65.4,10.27,193.37,101.41,30.26,32.55,30.26,311,120,188,619,35,33,6,63,13,155,132,276,396,18,36,220,15,24,35,330,61,40,7.99,7.53,17.03,11,9,15,619,431,431,9,7.13,6.36,6.32,33.35,33.35,31.46,54.67,4.82,2.48,7.39,1.6,15.76,44.95,4.76,4.82,4.76,62,15,24,101,3,5,1,4,0,13,52,59,74,10,20,186,99,52,69,60,9,8,1.46,1.15,2.21,0,1,2,101,77,77,63,0.58,0.83,0.83,4.57,4.57,4.56
L.A,2014,L.A,L.A,Team Level,other,82,0.42,0.46,0.44,10708,121.2,19.92,8.3,23.87,4.08,65.26,48.57,19,19.92,19,117,53,69,239,16,9,2,26,5,53,61,101,154,12,24,140,62,11,35,116,26,28,3.77,3.2,12.95,1,3,12,239,170,170,23,2.29,2.85,3.34,18.86,18.86,18.53,158.18,27.94,10.27,30.17,5.01,84.33,62.28,26.72,27.94,26.72,150,70,64,284,29,10,2,27,6,68,80,121,191,10,20,124,52,21,19,129,51,40,4.32,6.24,17.39,5,4,20,284,220,220,10,2.9,3.64,3.64,27.21,27.21,26.16
L.A,2014,L.A,L.A,Team Level,all,82,0.51,0.54,0.54,299443,2622.07,214.05,170.9,616.31,85.01,1458.62,1100.12,207.33,215.52,208.74,2536,1109,1244,4889,218,193,37,607,102,1176,1349,2318,3427,297,674,2530,2630,375,780,2868,580,197,76.31,70.97,66.77,81,74,63,4929.54,3645,3672.36,509,37.21,41.69,42.49,208.76,210.31,206.88,2282.01,202.91,150.58,523.16,72.14,1262.16,947.06,195.78,202.69,195.53,2215,943,992,4150,197,154,24,531,73,1034,1169,2018,2961,309,693,2399,2318,478,731,2431,538,189,67.88,65.84,69.19,61,68,68,4129.95,3158,3147.7,500,33.36,36.71,36.96,199.32,198.89,194.57
L.A,2014,L.A,L.A,Team Level,5on5,82,0.54,0.55,0.55,241982,2102.34,155.19,130.02,510.91,67.81,1157.62,897.47,150.93,156.65,152.34,2039,880,1000,3919,155,151,26,503,82,932,1096,1884,2764,254,579,1952,2392,320,606,2322,469,128,61.46,57.32,36.4,71,55,29,3959.54,2919,2946.36,407,26.75,31.11,31.43,150.51,152.05,150.27,1758.3,131.51,109.8,420.23,55.35,967.27,738.84,128.41,131.29,128.15,1703,720,738,3161,126,107,13,437,54,785,914,1577,2297,264,599,1859,2140,405,595,1915,410,98,54.43,49.82,27.27,50,55,21,3140.95,2423,2412.7,427,22.6,22.11,22.42,131.7,131.27,129.65
L.A,2014,L.A,L.A,Team Level,4on5,82,0.12,0.13,0.15,23220,58.59,5.45,2.56,8.43,1.92,17.04,41.6,5.34,5.45,5.34,62,15,14,91,7,6,2,4,2,5,53,55,70,13,35,193,135,34,66,59,12,6,2.01,1.56,1.89,2,2,3,91,77,77,63,0.58,1.46,1.46,4.57,4.57,4.55,307.82,38.96,28.01,64.87,10.1,192.98,102.09,36.28,38.96,36.28,301,136,174,611,41,33,8,60,13,167,123,260,396,22,48,216,34,11,58,324,66,47,7.3,8.27,23.39,6,9,26,611,437,437,7,7.27,10.05,9.99,36.23,36.23,34.61
L.A,2014,L.A,L.A,Team Level,5on4,82,0.88,0.87,0.86,23533,339.95,33.49,30.02,73.09,11.21,218.69,112.49,32.06,33.49,32.06,318,161,161,640,40,27,7,74,13,186,139,278,439,18,36,245,41,10,73,371,73,35,9.07,8.88,15.54,7,14,19,640,479,479,16,7.59,6.26,6.26,34.82,34.82,33.53,57.71,4.5,2.5,7.89,1.69,17.58,43.85,4.38,4.5,4.38,61,17,16,94,1,4,1,7,0,14,52,60,77,13,26,200,92,41,59,63,11,4,1.84,1.51,1.15,0,0,1,94,78,78,56,0.59,0.91,0.91,4.17,4.17,4.15
T.B,2014,T.B,T.B,Team Level,other,82,0.52,0.47,0.48,14749,145.41,29.8,10.32,26.06,4.71,78.19,51.91,28.64,29.8,28.64,145,56,62,263,30,8,5,39,3,64,57,115,171,14,31,178,45,27,26,105,56,40,3.79,6.9,19.11,3,8,19,263,201,201,17,3.08,2,1.93,30.96,30.96,29.98,157.19,27.73,11.71,29.41,5.52,88.53,55.1,25.61,27.73,25.61,164,54,75,293,21,13,5,42,6,79,57,143,197,13,29,143,47,21,26,129,51,38,4.71,6.3,16.71,4,6,11,293,218,218,11,3.42,4.97,5.03,26.11,26.11,25.29
T.B,2014,T.B,T.B,Team Level,all,82,0.52,0.51,0.51,298622,2400.93,237.47,170.45,530.85,77.78,1351.85,987.59,229.7,239.76,231.89,2428,928,1151,4507,259,171,53,545,75,1086,1220,2169,3097,331,734,2372,1759,530,667,2394,758,204,76.04,89.93,71.51,76,102,81,4562.43,3356,3389.79,370,37.51,39.11,39.66,235.32,236.95,232.51,2281.98,217.83,162.87,504.64,73.29,1288.67,937.7,207.73,217.98,207.86,2287,898,1098,4283,206,163,43,538,54,1066,1158,2081,2979,357,785,2400,1834,541,641,2347,622,216,69.64,74.43,73.75,64,71,71,4252.59,3185,3171.44,344,36.46,37.13,38.55,215.74,215.7,209.87
T.B,2014,T.B,T.B,Team Level,5on5,82,0.55,0.53,0.53,234383,1923.27,167.18,131.89,441.57,62.07,1078.19,807.1,162.29,169.46,164.48,1969,719,919,3607,179,137,42,447,57,882,986,1790,2509,283,632,1750,1631,425,516,1973,601,114,63.75,71.02,32.41,56,84,39,3662.43,2688,2721.79,303,27.26,30.16,30.6,163.83,165.47,162.93,1700.51,138.37,114.54,393.42,53.95,953.07,716.64,134.17,138.53,134.29,1688,682,824,3194,138,117,28,385,36,782,912,1550,2232,309,683,1795,1679,434,503,1804,451,115,54.52,53.73,30.13,51,51,36,3163.59,2370,2356.44,297,23.6,23.3,24.04,137.94,137.89,135.75
T.B,2014,T.B,T.B,Team Level,4on5,82,0.13,0.1,0.11,23684,49.07,6.82,2.86,5.89,1.31,13.88,33.23,6.63,6.82,6.63,46,18,15,79,5,3,1,6,1,8,41,41,59,10,20,208,55,60,39,31,18,15,0.95,2.01,3.87,2,1,2,79,64,64,37,0.66,0.95,0.95,6.53,6.53,6.52,371.26,46.39,33.86,75.63,12.41,231.92,122.78,42.67,46.39,42.67,379,144,188,711,41,32,9,103,12,194,141,338,482,16,32,265,35,17,82,365,100,58,9.17,11.75,25.48,7,12,22,711,523,523,9,8.82,8.66,9.26,45.94,45.94,43.12
T.B,2014,T.B,T.B,Team Level,5on4,82,0.86,0.87,0.84,25806,283.17,33.67,25.39,57.33,9.68,181.58,95.35,32.14,33.67,32.14,268,135,155,558,45,23,5,53,14,132,136,223,358,24,51,236,28,18,86,285,83,35,7.56,9.98,16.13,15,9,21,558,403,403,13,6.53,6,6.2,34,34,33.07,53.01,5.34,2.75,6.17,1.42,15.15,43.18,5.29,5.34,5.29,56,18,11,85,6,1,1,8,0,11,48,50,68,19,41,197,73,69,30,49,20,5,1.24,2.65,1.45,2,2,2,85,74,74,27,0.62,0.21,0.21,5.75,5.75,5.71
COL,2014,COL,COL,Team Level,other,82,0.48,0.52,0.51,14229,185.13,33.08,14.33,33.51,5.97,100.62,66.49,29.69,33.08,29.69,189,65,95,349,21,21,5,42,6,84,80,168,233,4,8,175,48,37,22,140,69,45,5.3,8.41,19.37,3,4,14,349,254,254,7,4.06,7.27,7.27,29.88,29.88,28.2,173.49,35.6,11.93,32.43,6.03,89.89,66.12,34.01,35.6,34.01,170,72,84,326,34,14,8,30,8,81,75,136,208,8,16,146,48,33,9,131,64,47,5.13,7.9,22.57,3,9,22,326,242,242,5,3.27,4.46,4.62,34.25,34.25,33.17
COL,2014,COL,COL,Team Level,all,82,0.45,0.44,0.45,300893,2204.69,206.22,153.01,488.1,70.49,1212.83,922.36,197.82,206.14,197.77,2286,767,1034,4087,209,154,35,566,60,922,1142,2077,2844,290,683,2561,2018,664,545,2281,576,196,66.95,69.01,70.27,73,68,68,4078.01,3053,3044.21,318,33.99,37.81,38.28,201.94,201.84,197.47,2705.95,254.71,193.3,610.12,89.66,1523.42,1119.78,243.34,255.65,244.24,2719,1072,1391,5182,223,219,39,677,84,1274,1314,2496,3568,304,704,2478,1673,704,442,2803,759,229,81.57,91.07,82.07,64,85,74,5203.16,3791,3811.51,233,42.43,47.76,50.41,246.73,247.43,241.05
COL,2014,COL,COL,Team Level,5on5,82,0.43,0.43,0.44,240509,1683.09,132.95,110.77,390.5,54.14,917.91,720.73,129.55,132.87,129.49,1754,573,789,3116,153,110,25,455,45,679,885,1601,2174,260,617,1945,1817,542,449,1804,419,104,52.98,50.17,29.8,64,57,32,3107.01,2327,2318.21,278,22.81,23.77,24.24,131.53,131.44,129.91,2118.11,174.2,144.61,495.39,69.58,1195.43,889.79,168.25,175.13,169.14,2118,851,1135,4104,156,158,24,552,63,983,1057,1962,2813,265,623,1906,1540,595,375,2249,588,132,66.59,70.35,37.26,56,67,33,4125.16,2969,2989.51,204,29.8,32.65,34.8,169.21,169.91,166.82
COL,2014,COL,COL,Team Level,4on5,82,0.07,0.09,0.1,23455,35.21,2.9,1.57,3.91,1.03,9.41,36.18,2.89,2.9,2.89,44,11,12,67,4,0,0,3,1,8,39,40,51,8,19,234,100,73,31,44,6,5,0.86,0.75,1.28,0,2,2,67,55,55,31,0.37,0,0,3.26,3.26,3.26,362.32,39.63,34.29,75.38,12.49,223.84,118.37,35.95,39.63,35.95,370,134,162,666,32,41,7,86,10,195,140,338,472,12,24,230,25,16,38,368,92,44,8.41,11.08,20.14,5,9,18,666,504,504,4,8.79,9.36,9.94,38.47,38.47,36.29
COL,2014,COL,COL,Team Level,5on4,82,0.88,0.87,0.85,22700,301.28,37.29,26.33,60.18,9.35,184.89,98.96,35.7,37.29,35.7,299,118,138,555,31,23,5,66,8,151,138,268,386,18,39,207,53,12,43,293,82,42,7.8,9.68,19.81,6,5,20,555,417,417,2,6.75,6.76,6.77,37.26,37.26,36.11,52.02,5.3,2.46,6.92,1.56,14.27,45.5,5.15,5.3,5.15,61,15,10,86,1,6,0,9,3,15,42,60,75,19,41,196,60,60,20,55,15,6,1.44,1.75,2.1,0,0,1,86,76,76,20,0.57,1.3,1.06,4.8,4.8,4.76
N.J,2014,N.J,N.J,Team Level,other,82,0.43,0.45,0.44,11206,119.75,22.02,7.44,21.94,3.73,64.73,45.13,21.33,22.02,21.33,118,47,52,217,15,5,2,24,1,61,59,103,150,13,26,122,35,21,42,97,40,28,3.13,5,13.89,1,2,12,217,165,165,16,2.15,1.16,1.89,22.3,22.3,21.6,152.05,29.2,9.94,27.89,4.66,77.66,60.63,27.9,29.2,27.9,160,50,56,266,32,7,2,27,3,71,70,128,178,4,8,133,38,23,32,118,51,41,4.33,6.34,18.53,4,9,19,266,210,210,9,2.76,1.7,2.52,29.45,29.45,28.7
N.J,2014,N.J,N.J,Team Level,all,82,0.46,0.46,0.45,299884,1995.81,186.13,132.9,451.18,65,1120.79,829,181.01,186.93,181.74,2009,776,918,3703,176,119,36,494,67,837,1092,1833,2609,314,706,2203,1646,453,624,2056,572,157,60.43,67.93,57.76,58,58,60,3709.35,2785,2788.1,305,28.97,28.68,31.99,183.11,183.64,180.41,2430.77,220.38,162.08,551.43,77.65,1337.2,1000.26,213.52,220.65,213.79,2518,831,1042,4391,209,140,30,637,82,983,1298,2309,3140,263,592,2456,1796,558,550,2503,652,194,71.69,78.91,69.78,67,71,71,4392.57,3349,3352.52,272,35.81,30.59,33.3,222.89,223.21,218.98
N.J,2014,N.J,N.J,Team Level,5on5,82,0.47,0.47,0.47,241419,1592.44,126.83,102.92,375.92,52.3,897.15,670.88,123.66,127.63,124.4,1605,621,754,2980,116,89,20,408,56,664,893,1489,2110,277,629,1681,1527,374,486,1696,444,86,51.14,52.67,23.02,51,45,20,2986.35,2226,2229.1,255,21.11,17.68,19.73,128.21,128.74,127.12,1851.67,140.43,114.89,441.05,59.6,1016.1,780.93,137.31,140.72,137.58,1905,648,785,3338,125,97,19,512,66,729,1024,1780,2428,240,544,1885,1670,454,426,1975,489,89,56.42,58.69,25.31,53,50,22,3339.57,2553,2556.52,235,23.56,19.51,21.17,142.82,143.14,141.23
N.J,2014,N.J,N.J,Team Level,4on5,82,0.1,0.09,0.11,26854,44.35,4.77,2.09,6.16,1.35,12.01,34.61,4.62,4.77,4.62,49,12,12,73,6,5,3,8,0,1,41,43,55,12,24,209,61,47,32,40,14,7,1.03,1.59,2.15,1,2,3,73,61,61,31,0.48,1.35,1.35,3.9,3.9,3.89,377.86,45.39,35.04,75.86,11.98,229.98,120.75,43.1,45.39,43.1,396,123,194,713,47,32,8,89,12,173,166,349,472,13,28,269,29,21,67,363,105,51,9.87,12.93,22.59,8,11,28,713,519,519,4,8.97,8.13,8.37,45.99,45.99,44.43
N.J,2014,N.J,N.J,Team Level,5on4,82,0.86,0.85,0.83,20405,239.27,32.5,20.44,47.15,7.62,146.9,78.39,31.4,32.5,31.4,237,96,100,433,39,20,11,54,10,111,99,198,294,12,27,191,23,11,64,223,74,36,5.13,8.66,18.71,5,9,25,433,333,333,3,5.23,8.5,9.03,28.7,28.7,27.8,49.2,5.35,2.21,6.63,1.41,13.46,37.94,5.22,5.35,5.22,57,10,7,74,5,4,1,9,1,10,38,52,62,6,12,169,59,60,25,47,7,13,1.07,0.94,3.35,2,1,2,74,67,67,24,0.52,1.25,1.25,4.63,4.63,4.61
ARI,2014,ARI,ARI,Team Level,other,82,0.39,0.48,0.48,9974,142.25,18.88,9.93,28.75,4.7,81.67,55.06,17.94,18.88,17.94,141,58,57,256,13,12,1,37,5,66,66,128,186,14,31,145,59,24,19,137,42,20,4.43,5.07,9.37,2,4,7,256,199,199,10,2.8,3.04,2.53,19.14,19.14,18.53,156.18,29.25,10.24,30,5.06,77.29,63.17,28.44,29.25,28.44,155,60,59,274,28,12,4,28,9,68,70,127,187,6,18,123,44,36,21,122,51,42,4.29,5.64,19.31,3,5,20,274,215,215,10,2.83,3.55,3.9,28.18,28.18,27.6
ARI,2014,ARI,ARI,Team Level,all,82,0.44,0.48,0.47,299726,2415.78,198.61,162.99,565.09,79.84,1362.49,1015.05,191.51,197.4,190.32,2393,992,1234,4619,165,197,29,611,62,1115,1235,2228,3220,332,756,2666,2489,490,538,2683,522,180,71.08,62.99,64.52,62,45,58,4548.07,3385,3345.95,286,35.8,41.08,41.63,192.71,191.36,187.78,2726.84,251.94,188.19,618.64,88.36,1518.07,1124.8,243.42,254.41,245.83,2722,1068,1271,5061,267,203,56,642,89,1256,1333,2455,3523,285,659,2476,2451,537,604,2856,680,254,79.16,81.41,91.36,81,79,107,5150.96,3790,3847.18,308,41.54,49.09,51.67,241.81,243.99,238.99
ARI,2014,ARI,ARI,Team Level,5on5,82,0.45,0.49,0.48,241688,1888.32,133.78,120.66,456.7,61.77,1056.39,806.77,129.55,132.57,128.36,1860,777,987,3624,106,145,20,488,46,864,988,1754,2531,295,676,2038,2279,397,424,2145,386,106,57.33,46.81,29.63,53,33,20,3553.07,2637,2597.95,241,24.75,28.8,29.25,129.21,127.87,126.09,2062.31,160.71,134.74,488.03,66.64,1142.97,868.9,156.33,163.19,158.75,2046,816,963,3825,174,139,37,498,62,950,1039,1872,2688,255,590,1902,2280,444,499,2212,518,132,61.91,62.05,36.74,67,64,43,3914.96,2862,2919.18,267,27.81,29.68,31.01,157.52,159.69,157.35
ARI,2014,ARI,ARI,Team Level,4on5,82,0.07,0.09,0.09,26223,44.06,4.59,2.31,5.79,1.32,11.86,40.13,4.53,4.59,4.53,55,11,20,86,4,3,0,9,1,10,39,51,62,11,25,241,91,58,30,45,13,8,0.8,1.61,2.18,2,0,2,86,66,66,27,0.54,0.45,0.4,4.73,4.73,4.69,451.89,57.09,40.39,93.25,15.04,281.14,146.11,53.76,57.09,53.76,459,174,236,869,60,52,15,109,15,226,171,399,573,14,31,280,45,17,65,464,96,73,11.5,11.86,33.74,11,7,42,869,633,633,14,10.26,15.85,16.76,50.58,50.58,48.52
ARI,2014,ARI,ARI,Team Level,5on4,82,0.89,0.88,0.86,21841,341.15,41.37,30.09,73.84,12.04,212.56,113.09,39.49,41.37,39.49,337,146,170,653,42,37,8,77,10,175,142,295,441,12,24,242,60,11,65,356,81,46,8.53,9.51,23.33,5,8,29,653,483,483,8,7.69,8.79,9.45,39.61,39.61,38.46,56.45,4.89,2.8,7.37,1.62,16.68,46.63,4.88,4.89,4.88,62,18,13,93,5,0,0,7,3,12,53,57,75,10,20,171,82,40,19,58,15,7,1.47,1.85,1.58,0,3,2,93,80,80,17,0.63,0,0,5.53,5.53,5.51
PHI,2014,PHI,PHI,Team Level,other,82,0.5,0.51,0.52,9304,166.44,27.93,11.45,32.71,5.62,90.1,62.19,26.28,27.93,26.28,182,48,83,313,24,11,4,42,3,65,85,158,206,2,4,137,46,19,26,124,72,34,4.8,9.16,13.98,0,8,16,313,230,230,15,3.3,3.04,3.04,28.2,28.2,27.13,153.2,27.94,10.03,29.71,5.07,77.8,63.46,27.14,27.94,27.14,151,63,87,301,27,12,6,33,5,65,72,124,187,11,25,156,52,18,34,133,45,36,4.61,5.8,17.53,3,8,16,301,214,214,19,2.73,3.31,3.31,27.36,27.36,27
PHI,2014,PHI,PHI,Team Level,all,82,0.49,0.5,0.49,301283,2409.5,224.23,163.21,553.5,78.1,1342.4,991.57,214.97,224.18,214.89,2413,940,1275,4628,212,176,38,649,69,1046,1201,2201,3141,316,729,2571,2511,413,588,2488,644,221,71.71,76.86,75.65,58,75,79,4611.85,3353,3344.03,386,36.36,41.22,42.49,218.09,217.82,212.59,2501.65,232.73,168.81,579.57,81.26,1359.19,1022.45,225.33,234.7,227.21,2481,963,1248,4692,223,208,52,619,73,1071,1250,2258,3221,307,711,2456,2428,503,617,2556,670,218,71.93,82.66,78.14,58,82,83,4711.15,3444,3461.66,379,37.23,44.32,45.58,224.38,225.97,221.94
PHI,2014,PHI,PHI,Team Level,5on5,82,0.48,0.49,0.49,242198,1829.05,143.82,116.7,438.6,58.63,1010.75,765.51,139.78,143.78,139.7,1807,727,982,3516,133,120,23,526,54,780,921,1674,2401,288,667,1940,2317,333,481,1955,466,113,56.97,55.5,31.34,49,52,32,3499.85,2534,2525.03,325,24.03,25.37,26.64,141.21,140.94,139,1930.25,156.49,123.85,464.72,62.29,1047.35,794.29,151.82,158.46,153.7,1915,734,965,3614,135,147,34,507,62,815,983,1780,2514,268,625,1880,2242,424,478,2007,517,125,56.67,63.81,36.02,38,63,34,3633.15,2649,2666.66,312,25.57,31.98,32.57,149.5,151.09,148.77
PHI,2014,PHI,PHI,Team Level,4on5,82,0.08,0.11,0.13,25710,48.95,3.45,1.93,6.17,1.4,14.13,45.91,3.39,3.45,3.39,58,15,12,85,2,2,0,6,1,16,46,56,71,10,23,233,107,43,41,63,6,4,1.59,0.63,1.23,2,0,0,85,73,73,37,0.44,0.58,0.58,3.32,3.32,3.3,358.65,42.4,32.16,77.86,12.19,218.04,117.34,40.55,42.4,40.55,342,158,186,686,55,46,11,68,2,185,144,287,445,15,35,222,48,14,66,359,92,49,9.32,10.99,22.1,14,11,30,686,500,500,11,8.27,8.32,8.99,41.68,41.68,40.35
PHI,2014,PHI,PHI,Team Level,5on4,82,0.89,0.89,0.86,24071,365.06,49.03,33.12,76.01,12.46,227.43,117.96,45.52,49.03,45.52,366,150,198,714,53,43,11,75,11,185,149,313,463,16,35,261,41,18,40,346,100,70,8.35,11.57,29.11,7,15,31,714,516,516,9,8.57,12.23,12.23,45.36,45.36,43.15,59.55,5.89,2.77,7.27,1.71,16,47.36,5.83,5.89,5.83,73,8,10,91,6,3,1,11,4,6,51,67,75,13,26,198,86,47,39,57,16,8,1.34,2.07,2.49,3,0,3,91,81,81,37,0.66,0.71,0.71,5.85,5.85,5.84
DET,2014,DET,DET,Team Level,other,82,0.53,0.5,0.52,12060,174.56,31.7,11.75,33.16,5.67,94.62,66.1,28.68,31.7,28.68,175,68,76,319,33,11,5,38,4,74,83,142,210,10,20,163,49,20,27,145,51,47,5.14,6.17,20.39,9,3,21,319,243,243,15,3.41,3.49,3.62,31.5,31.5,28.7,162.4,28.36,10.95,30.38,5.63,91.43,58.25,27.33,28.36,27.33,165,60,90,315,29,6,5,30,12,79,69,136,196,13,26,176,42,23,29,143,43,39,4.82,5.28,18.26,4,5,20,315,225,225,17,3.18,2.52,3.02,28.52,28.52,27.82
DET,2014,DET,DET,Team Level,all,82,0.52,0.53,0.52,301059,2412.55,225.9,167.38,543.87,77.83,1348.75,986.28,215.73,226.74,216.55,2429,921,1149,4499,231,150,41,658,105,1040,1166,2198,3119,333,692,2581,1569,415,601,2504,622,224,70.2,76.23,79.46,68,76,87,4515.83,3350,3358.23,352,37.4,36.17,37.46,225.85,226.72,219.43,2248.1,206.08,151.67,507.59,72.88,1265.17,934.61,198.89,206.36,199.19,2322,816,908,4046,211,127,40,537,89,984,1190,2111,2927,341,718,2434,1930,456,563,2412,521,205,68.72,63.42,73.94,65,62,84,4041.36,3138,3138.9,364,33.72,31.39,33.29,206.51,206.95,201.98
DET,2014,DET,DET,Team Level,5on5,82,0.52,0.53,0.52,236166,1785.54,135.57,116.98,423.54,57.45,998,747.45,132.35,136.41,133.16,1798,681,880,3359,132,97,22,512,83,771,884,1666,2347,281,585,1928,1408,327,466,1930,446,103,54.96,53.57,27.04,47,56,29,3375.83,2479,2487.23,298,24.06,19.84,20.48,139.15,140.01,138.28,1641.04,124.7,105.13,389.38,52.82,915.5,700.48,121.58,124.98,121.87,1702,586,636,2924,126,88,26,408,61,686,919,1576,2162,296,625,1761,1754,366,447,1821,368,99,51.64,45.34,27.72,51,41,34,2919.36,2288,2288.9,305,21.58,19.33,20.85,125.43,125.88,124.1
DET,2014,DET,DET,Team Level,4on5,82,0.08,0.11,0.12,25906,52.01,4.39,2.41,6.96,1.66,14.64,44.94,4.34,4.39,4.34,59,16,12,87,3,5,0,16,5,9,37,56,72,19,40,210,74,51,36,53,20,2,1.26,2.53,0.59,1,1,1,87,75,75,35,0.55,0.29,0.25,4.68,4.68,4.65,385.34,47.55,33.06,79.81,12.73,240.95,128.9,44.55,47.55,44.55,389,154,168,711,48,31,8,86,14,207,157,341,495,20,40,268,49,26,51,387,98,58,10.61,11.44,25.5,8,15,25,711,543,543,6,8.38,9.2,9.14,46.79,46.79,44.31
DET,2014,DET,DET,Team Level,5on4,82,0.91,0.88,0.87,26927,400.43,54.24,36.25,80.21,13.04,241.47,127.79,50.37,54.24,50.37,397,156,181,734,63,37,14,92,13,186,162,334,490,23,47,280,38,17,72,376,105,72,8.83,13.96,31.45,11,16,36,734,553,553,4,9.38,12.55,13.1,50.53,50.53,47.79,59.33,5.45,2.52,8.03,1.7,17.3,46.98,5.44,5.45,5.44,66,16,14,96,8,2,1,13,2,12,45,58,74,12,27,229,85,41,36,61,12,9,1.64,1.35,2.46,2,1,5,96,82,82,36,0.6,0.34,0.29,5.77,5.77,5.75
MIN,2014,MIN,MIN,Team Level,other,82,0.51,0.45,0.47,13394,137.52,25.5,9.63,25.2,4.52,76.74,50.41,24.28,25.5,24.28,141,51,55,247,21,6,3,30,7,74,54,120,171,6,12,147,30,18,23,121,38,33,4.43,4.6,16.47,3,5,13,247,192,192,19,2.69,2.07,2.99,25.21,25.21,24.35,152.85,24.35,10.69,29.4,5.01,82.75,60.8,23.56,24.35,23.56,155,58,91,304,19,9,1,27,6,84,68,136,194,7,14,134,38,31,20,126,58,29,4.53,6.79,13.04,3,5,11,304,213,213,13,2.9,2.24,2.41,24.84,24.84,24.16
MIN,2014,MIN,MIN,Team Level,all,82,0.55,0.51,0.52,298408,2495.16,231.66,175.88,559.87,80.97,1405.12,1023.49,222.04,232.83,223.15,2522,955,1116,4593,227,185,39,615,82,1078,1290,2295,3250,289,669,2491,1323,585,522,2588,675,214,78.71,80.76,72.18,68,79,80,4619.17,3477,3492.53,292,38.59,41.27,43.63,226.62,227.51,222.21,2276.78,190.42,156.4,518.83,72.57,1285.08,953.68,185.03,190.39,185.01,2266,911,1233,4410,198,145,27,516,71,998,1249,2068,2979,305,700,2504,1642,474,609,2430,599,148,69.78,70.27,50.38,66,77,55,4385.64,3177,3167.41,369,34.2,29.05,29.38,195.25,195.22,192.04
MIN,2014,MIN,MIN,Team Level,5on5,82,0.55,0.51,0.52,238184,1945.16,162.35,128.86,453.81,62.53,1082.51,814.94,156.77,163.52,157.89,1947,758,897,3602,166,131,29,493,60,829,1026,1781,2539,254,585,1905,1217,497,419,2056,516,133,63.41,61.46,37.49,58,59,49,3628.17,2705,2720.53,246,26.63,29.87,31.31,157.67,158.57,156.18,1782.47,133.33,116.49,421.78,56.64,1000.93,754.84,129.68,133.28,129.67,1773,711,969,3453,146,108,22,416,55,752,1007,1627,2338,267,609,1947,1482,384,502,1950,442,92,56.77,51.45,25.1,56,62,28,3428.64,2484,2474.41,323,23.98,21.79,22.12,135.18,135.16,133.45
MIN,2014,MIN,MIN,Team Level,4on5,82,0.12,0.12,0.14,22410,46.7,3.93,2,6.11,1.34,13.72,36.89,3.88,3.93,3.88,45,19,15,79,4,2,1,4,4,2,48,41,60,16,44,206,42,45,23,50,10,4,1.37,1.39,1.17,1,2,1,79,64,64,22,0.46,0.62,0.62,3.76,3.76,3.75,291.63,28.09,26.83,60.7,9.47,186.76,98.15,27.18,28.09,27.18,286,124,162,572,30,25,4,66,10,151,128,256,380,21,54,214,37,15,59,306,79,25,7.19,9.11,11.8,7,8,15,572,410,410,5,6.76,4.65,4.48,30.37,30.37,29.59
MIN,2014,MIN,MIN,Team Level,5on4,82,0.9,0.89,0.88,24420,365.78,39.87,35.39,74.76,12.59,232.16,121.24,37.11,39.87,37.11,389,127,149,665,36,46,6,88,11,173,162,353,480,13,28,233,34,25,57,361,111,44,9.51,13.32,17.04,6,13,17,665,516,516,5,8.82,8.69,8.71,39.97,39.97,37.93,49.83,4.66,2.41,6.94,1.47,14.64,39.88,4.6,4.66,4.6,52,18,11,81,3,3,0,7,0,11,46,49,67,10,23,209,85,44,28,48,20,2,1.3,2.92,0.45,0,2,1,81,70,70,28,0.56,0.37,0.37,4.85,4.85,4.84
NYI,2014,NYI,NYI,Team Level,other,82,0.56,0.52,0.52,12844,154.41,28.45,10.84,29.31,5.32,81.7,57.36,26.79,28.45,26.79,162,51,72,285,24,13,3,35,7,68,66,138,189,5,10,117,56,33,37,124,47,42,4.2,5.45,18.8,1,5,18,285,213,213,21,3.12,3.48,4.04,27.53,27.53,26.69,138.59,22.26,8.92,27.52,4.69,75.03,56.59,21.26,22.26,21.26,134,61,63,258,17,7,1,23,6,70,72,117,178,11,22,146,44,38,40,127,39,29,4.48,4.43,13.34,4,4,9,258,195,195,22,2.4,1.77,1.77,22.9,22.9,22.04
NYI,2014,NYI,NYI,Team Level,all,82,0.55,0.53,0.54,300474,2738.48,261.71,190.28,627.29,92.53,1505.47,1136.72,251.24,263.02,252.5,2771,1043,1313,5127,245,199,58,659,97,1247,1367,2526,3569,268,592,2402,2685,774,929,2848,695,271,84.51,83.47,93.72,77,71,97,5170.61,3814,3846.8,489,41.81,48.27,51.09,252.43,253.53,248.09,2309.26,211.08,157.25,525.98,76.44,1275.22,974.09,203.86,210.32,203.17,2321,900,1323,4544,224,159,38,578,77,1027,1156,2097,2997,320,695,2478,2173,728,817,2463,559,199,71.52,67.25,72.3,80,74,70,4514.44,3221,3204,427,34.36,40.08,41.56,203.82,203.39,199.58
NYI,2014,NYI,NYI,Team Level,5on5,82,0.55,0.53,0.54,243060,2164.87,182.86,142.4,514.43,72.42,1188.48,915.41,176.92,184.18,178.18,2171,845,1075,4091,171,128,40,533,74,999,1111,2000,2845,226,508,1881,2517,638,746,2310,543,163,70.06,65.28,47.52,65,57,49,4134.61,3016,3048.8,415,29.36,30.39,32.53,179.69,180.79,177.37,1838.69,148.43,120.89,432.1,59.99,1015.4,782.18,143.81,147.68,143.13,1843,716,1104,3663,158,121,26,483,61,819,917,1685,2401,283,621,1900,1993,594,683,2009,426,124,59.7,51.7,37.03,69,58,31,3633.44,2559,2542,364,24.88,28.54,30.03,143.29,142.86,140.74
NYI,2014,NYI,NYI,Team Level,4on5,82,0.15,0.16,0.18,19571,65.82,6.19,2.79,8.73,1.87,18.45,49.97,6.14,6.19,6.14,74,14,15,103,9,4,1,13,2,14,46,65,79,15,30,170,84,72,41,66,14,8,1.84,1.57,2.79,4,0,5,103,88,88,36,0.65,0.52,0.77,6.08,6.08,6.06,285.17,35.4,25.2,60.43,10.32,172.14,95.57,33.82,35.4,33.82,292,108,149,549,46,30,10,64,8,130,122,246,354,13,26,218,35,22,53,283,78,39,6.21,9.46,19.72,7,11,28,549,400,400,6,6.56,9.22,9.22,32.67,32.67,31.84
NYI,2014,NYI,NYI,Team Level,5on4,82,0.9,0.9,0.88,24999,353.37,44.2,34.25,74.81,12.92,216.84,113.98,41.4,44.2,41.4,364,133,151,648,41,54,14,78,14,166,144,323,456,22,44,234,28,31,105,348,91,58,8.41,11.17,24.62,7,9,25,648,497,497,17,8.69,13.88,13.76,39.13,39.13,37.98,46.79,4.98,2.26,5.94,1.43,12.64,39.74,4.96,4.98,4.96,52,15,7,74,3,1,1,8,2,8,45,49,64,13,26,214,101,74,41,44,16,7,1.11,1.66,2.21,0,1,2,74,67,67,35,0.52,0.54,0.54,4.96,4.96,4.96
PIT,2014,PIT,PIT,Team Level,other,82,0.53,0.52,0.53,12313,175.55,28.92,11.19,34.04,5.36,87.97,74.52,28.16,28.92,28.16,178,64,66,308,22,7,2,22,9,87,95,156,220,16,37,162,61,32,28,146,60,36,5.1,7.12,16.71,5,4,13,308,242,242,4,3.03,2.31,2.31,29.65,29.65,29.04,152,25.4,10.33,28.29,5.05,85.01,57.93,23.04,25.4,23.04,166,46,70,282,26,3,1,26,10,76,71,140,186,8,16,176,60,26,24,124,55,33,4.03,6.95,14.42,7,8,11,282,212,212,12,3.1,0.55,0.68,27.82,27.82,25.33
PIT,2014,PIT,PIT,Team Level,all,82,0.52,0.52,0.52,300094,2551.28,232.24,173.77,575.14,80.88,1396.51,1052.48,223.59,234.3,225.6,2594,917,1165,4676,217,176,46,538,103,1190,1287,2377,3294,388,889,2396,2495,441,581,2663,611,237,76.62,73.46,82.16,61,76,80,4727.62,3511,3545.32,294,38.53,42.23,42.59,228.17,230.18,225.13,2343.24,217.03,164.61,531.02,75.86,1297.73,953.76,207.6,217.28,207.8,2401,839,1094,4334,204,168,33,446,89,1093,1240,2197,3036,363,837,2487,2353,503,530,2416,612,212,69.65,74.85,72.52,65,72,67,4315.12,3240,3232.66,279,36.96,37.39,38.02,215.96,215.94,209.49
PIT,2014,PIT,PIT,Team Level,5on5,82,0.52,0.53,0.53,236186,1936.89,149.44,125.49,455.87,61.32,1060.57,811.3,144.38,151.51,146.4,1955,709,934,3598,146,126,30,433,74,904,981,1809,2518,332,760,1755,2251,355,432,2095,438,131,60.28,52.95,36.22,49,61,36,3649.62,2664,2698.32,239,25.95,28.59,28.93,146.46,148.47,146.17,1727.92,139.64,113.28,412.01,55.69,941.2,717.16,135.21,139.9,135.42,1760,619,838,3217,132,124,26,338,59,775,951,1628,2247,320,742,1856,2123,405,427,1820,438,121,53.21,53.07,33.37,49,54,29,3198.12,2379,2371.66,241,23.41,27.64,27.51,135.54,135.51,133.85
PIT,2014,PIT,PIT,Team Level,4on5,82,0.1,0.1,0.11,26500,50.95,5.04,2.42,6.37,1.42,14.08,40.67,4.93,5.04,4.93,63,7,11,81,6,2,0,8,4,9,41,57,64,12,30,228,98,36,43,50,11,9,1.42,1.26,2.35,1,2,3,81,70,70,38,0.56,0.58,0.58,5.02,5.02,5,408.43,45.81,38.16,83.8,13.43,256.63,134.17,43.21,45.81,43.21,410,162,173,745,36,40,6,73,18,232,173,374,536,20,43,237,42,22,64,419,104,49,11.02,12.93,21.87,8,7,21,745,572,572,12,9.79,8.91,9.53,46.06,46.06,43.78
PIT,2014,PIT,PIT,Team Level,5on4,82,0.89,0.88,0.87,25095,387.9,48.83,34.66,78.86,12.78,233.87,126,46.11,48.83,46.11,398,137,154,689,43,41,14,75,16,190,170,355,492,28,62,251,85,18,78,372,102,61,9.83,12.12,26.89,6,9,28,689,535,535,13,8.99,10.75,10.77,47.05,47.05,44.92,54.9,6.17,2.85,6.92,1.68,14.88,44.49,6.14,6.17,6.14,65,12,13,90,10,1,0,9,2,10,45,55,67,15,36,218,128,50,15,53,15,9,1.4,1.9,2.87,1,3,6,90,77,77,14,0.66,0.29,0.29,6.54,6.54,6.53
WSH,2014,WSH,WSH,Team Level,other,82,0.52,0.49,0.5,15482,174.18,31.48,11.89,31.32,5.62,95.09,68.59,30.49,31.48,30.49,165,79,87,331,31,15,7,22,4,80,92,134,213,10,20,161,73,33,39,137,67,40,5.5,7.89,18.09,3,7,21,331,244,244,25,3.26,4.65,4.65,30.08,30.08,29.26,175.87,28.82,12.61,33.38,5.73,100.49,64.98,27.24,28.82,27.24,161,85,99,345,20,10,3,37,5,86,88,141,226,7,14,156,60,34,32,145,64,37,5.33,7.77,15.71,4,6,10,345,246,246,18,3.61,3.06,3.06,29.37,29.37,28.1
WSH,2014,WSH,WSH,Team Level,all,82,0.52,0.51,0.51,300116,2490.87,235.9,170.58,562,80.21,1387.23,1044.08,226.54,236.91,227.57,2420,1060,1256,4736,237,150,37,626,99,1135,1233,2183,3243,351,797,2522,2335,589,697,2566,702,212,76.73,83.91,75.27,86,78,73,4769.09,3480,3505.67,460,37.8,34.73,35.95,237.75,238.66,232.7,2392.95,215.5,165.88,538.23,76.61,1336.32,997.46,207.9,215.26,207.62,2368,962,1271,4601,199,146,38,599,66,1094,1226,2169,3131,322,744,2399,2195,581,746,2497,628,205,69.92,74.76,70.82,75,53,71,4568.77,3330,3310.59,504,37.02,35.7,36.97,215.55,215.03,210.49
WSH,2014,WSH,WSH,Team Level,5on5,82,0.53,0.51,0.52,238723,1890.42,155.02,124.37,448.31,61.38,1043.84,798.09,149.08,156.03,150.1,1833,798,1010,3641,148,113,25,512,79,837,942,1685,2483,308,708,1911,2164,472,570,2000,505,126,60.27,60.41,34.34,71,54,23,3674.09,2631,2656.67,385,25.72,24.86,25.88,154.87,155.78,152.71,1781.85,139.26,116.64,418.06,56.89,983.02,760.13,135.22,139.02,134.94,1779,695,973,3447,135,95,23,481,43,805,915,1644,2339,277,648,1805,2036,463,617,1905,459,110,54.09,54.36,30.81,63,38,34,3414.77,2474,2454.59,440,24.07,20.19,21.68,141.64,141.12,139.16
WSH,2014,WSH,WSH,Team Level,4on5,82,0.08,0.11,0.13,25147,53.51,3.65,2.33,6.59,1.51,15.01,52.93,3.65,3.65,3.65,67,15,10,92,2,1,0,9,2,11,57,65,80,11,22,212,67,58,45,66,13,3,1.44,1.48,0.72,1,1,0,92,82,82,43,0.54,0.04,0.04,4.15,4.15,4.15,380.23,43.64,34.39,79.45,12.39,236.77,124.36,41.7,43.64,41.7,362,169,190,721,41,40,11,74,17,193,166,321,490,21,45,247,39,29,55,381,94,56,8.59,11.34,23.72,7,9,25,721,531,531,5,8.82,12.13,11.92,40.55,40.55,39.27
WSH,2014,WSH,WSH,Team Level,5on4,82,0.92,0.88,0.87,20764,372.75,45.76,32,75.78,11.7,233.3,124.47,43.34,45.76,43.34,355,168,149,672,56,21,5,83,14,207,142,299,467,22,47,238,31,26,43,363,117,43,9.51,14.12,22.11,11,16,29,672,523,523,7,8.28,5.18,5.39,48.64,48.64,46.59,55,3.78,2.24,7.32,1.61,16.04,48,3.74,3.78,3.74,66,13,9,88,3,1,1,7,1,10,57,63,76,17,37,191,60,55,42,66,11,2,1.9,1.3,0.58,1,0,2,88,79,79,41,0.52,0.32,0.32,3.98,3.98,3.97
OTT,2014,OTT,OTT,Team Level,other,82,0.58,0.54,0.55,10648,189.61,31.33,12.14,38.51,6.13,98.5,75.39,29.76,31.33,29.76,186,76,80,342,32,15,3,31,7,86,91,154,230,10,20,151,57,35,36,164,57,41,5.38,7.27,18.69,7,7,18,342,262,262,19,3.36,3.82,4.16,30.53,30.53,29.43,156.92,22.79,10.19,32.26,5.25,80.9,65.61,22.23,22.79,22.23,159,58,70,287,19,9,3,37,5,72,75,140,198,4,8,178,64,32,24,145,42,30,5.02,5.22,12.55,4,3,12,287,217,217,10,2.77,2.4,2.46,23.11,23.11,22.67
OTT,2014,OTT,OTT,Team Level,all,82,0.52,0.51,0.5,301584,2523.5,225.45,168.13,582.83,81.27,1399.27,1056.04,217.68,225.92,218.15,2540,973,1300,4813,232,176,40,521,76,1134,1374,2308,3281,325,759,2421,2279,648,719,2691,606,216,73.86,72.94,78.64,69,76,87,4824.66,3513,3521.02,438,37.33,41.09,42.26,220.51,221.12,215.88,2552.27,207.73,169.79,595.31,83.24,1436.51,1077.43,201.63,207.44,201.36,2635,935,1045,4615,208,169,31,615,104,1151,1323,2427,3362,346,803,2599,2121,536,736,2814,563,193,75.1,68.11,64.53,78,65,65,4605.52,3570,3566.98,453,37.23,35.31,36.42,208.53,208.05,204.38
OTT,2014,OTT,OTT,Team Level,5on5,82,0.51,0.5,0.49,238432,1861.12,142.37,117.81,448.02,59.96,1028.59,788.25,139.05,142.83,139.53,1884,701,997,3582,152,116,25,405,49,813,1050,1732,2433,285,665,1821,2049,533,568,2013,457,115,55.32,54.61,32.44,56,59,37,3593.66,2585,2593.02,373,24.2,24.21,25.21,141.36,141.96,140.21,1954.68,139.16,123.36,474.39,63.47,1101.75,831.86,135.52,138.87,135.26,2037,697,815,3549,143,127,22,502,84,858,1020,1894,2591,298,692,1890,1927,415,584,2211,417,106,59.63,50.54,28.99,67,51,25,3539.52,2734,2730.98,385,25.3,25.98,26.61,137.84,137.35,135.45
OTT,2014,OTT,OTT,Team Level,4on5,82,0.14,0.15,0.15,25445,68.48,6.29,3.15,9.13,2.01,19.43,52.99,6.13,6.29,6.13,72,21,23,116,6,5,2,9,4,11,58,66,87,10,31,183,131,58,40,64,23,6,1.53,3.01,1.75,1,3,2,116,93,93,40,0.74,1.26,1.26,5.77,5.77,5.74,374.12,38.97,33.05,80.84,12.62,234.86,125.65,37.13,38.97,37.13,373,153,144,670,41,32,5,69,13,208,163,332,485,23,55,284,36,22,77,394,87,45,8.99,10.27,19.71,6,9,26,670,526,526,13,8.41,6.6,6.77,40.62,40.62,39.3
OTT,2014,OTT,OTT,Team Level,5on4,82,0.87,0.88,0.86,27059,404.28,45.47,35.02,87.18,13.17,252.75,139.41,42.74,45.47,42.74,398,175,200,773,42,40,10,76,16,224,175,356,531,20,43,266,42,22,75,450,69,54,11.62,8.07,25.77,5,7,30,773,573,573,6,9.02,11.8,11.63,42.86,42.86,40.5,66.54,6.81,3.2,7.82,1.89,19,54.3,6.75,6.81,6.75,66,27,16,109,5,1,1,7,2,13,65,61,88,21,48,247,94,67,51,64,17,12,1.45,2.07,3.29,1,2,2,109,93,93,45,0.75,0.33,0.57,6.98,6.98,6.97